datetime,AGG. ASSAULT,ARSON,AUTO THEFT,BURGLARY,COMMON ASSAULT,HOMICIDE,LARCENY,LARCENY FROM AUTO,RAPE,ROBBERY - CARJACKING,ROBBERY - COMMERCIAL,ROBBERY - RESIDENCE,ROBBERY - STREET,SHOOTING
2014-01-01,22,0,9,20,19,2,34,15,3,0,2,1,8,2
2014-01-02,6,0,7,28,23,3,26,10,0,1,1,1,4,0
2014-01-03,11,0,3,13,17,1,16,6,0,0,1,1,2,1
2014-01-04,14,0,14,20,23,0,23,15,0,0,1,1,7,0
2014-01-05,9,0,11,14,22,0,19,13,1,2,0,1,10,2
2014-01-06,3,2,5,26,23,2,37,11,1,0,0,1,6,0
2014-01-07,3,0,11,12,12,0,32,11,2,0,1,0,2,0
2014-01-08,9,0,12,24,26,1,23,12,0,1,0,1,6,1
2014-01-09,11,0,5,25,20,1,46,9,0,0,1,3,9,1
2014-01-10,9,0,9,22,27,3,33,24,0,2,1,0,11,0
2014-01-11,12,0,14,17,19,1,18,16,1,0,3,2,7,0
2014-01-12,13,0,8,13,29,2,17,11,1,0,2,2,4,2
2014-01-13,12,1,15,24,29,0,20,15,0,0,0,0,10,1
2014-01-14,9,1,11,26,18,0,39,19,1,0,0,1,12,1
2014-01-15,4,2,10,24,32,0,34,15,0,0,0,7,7,0
2014-01-16,9,2,13,24,17,0,37,22,0,0,3,3,9,0
2014-01-17,4,0,13,24,19,1,34,30,2,1,0,2,8,1
2014-01-18,13,4,5,11,9,1,32,16,2,0,0,2,5,1
2014-01-19,16,0,12,16,15,0,23,20,0,0,0,1,2,2
2014-01-20,8,0,15,19,21,0,30,25,2,0,1,1,4,2
2014-01-21,5,0,12,18,7,0,15,10,0,0,5,2,3,1
2014-01-22,11,0,15,9,12,0,27,17,2,0,2,0,8,1
2014-01-23,5,1,3,25,16,0,21,20,0,0,3,7,5,2
2014-01-24,8,1,11,14,15,0,33,15,0,1,3,7,8,0
2014-01-25,9,0,12,20,20,2,25,18,1,0,1,1,3,0
2014-01-26,3,2,20,16,21,0,18,19,0,1,2,0,1,0
2014-01-27,8,0,14,15,24,1,35,16,0,0,0,0,13,1
2014-01-28,6,0,7,19,20,1,20,8,1,1,2,3,6,1
2014-01-29,9,0,12,23,15,0,22,9,0,0,3,1,7,1
2014-01-30,11,0,11,17,21,4,38,21,1,0,3,4,9,2
2014-01-31,17,1,11,16,24,1,28,20,0,0,1,2,7,2
2014-02-01,7,0,14,17,16,0,42,14,1,0,2,1,7,0
2014-02-02,12,0,9,12,30,0,25,9,0,0,5,0,10,0
2014-02-03,12,0,4,10,21,0,27,13,1,0,7,1,10,1
2014-02-04,8,1,9,22,19,0,27,15,0,0,1,0,11,0
2014-02-05,5,0,10,17,13,1,27,20,1,0,0,0,5,1
2014-02-06,6,1,6,13,17,1,33,10,1,0,0,1,8,0
2014-02-07,8,2,17,22,19,0,28,13,0,0,2,1,8,2
2014-02-08,12,1,13,16,20,0,27,13,0,0,2,0,5,1
2014-02-09,11,0,9,11,15,1,16,10,0,2,0,0,3,0
2014-02-10,8,1,15,18,14,1,25,9,1,0,1,1,9,0
2014-02-11,10,0,10,17,17,2,29,13,0,0,2,0,3,0
2014-02-12,6,0,10,20,12,0,28,18,0,0,3,1,3,0
2014-02-13,8,1,9,1,10,0,11,0,1,0,0,2,3,0
2014-02-14,11,1,4,11,10,0,21,6,0,1,0,2,9,0
2014-02-15,9,0,5,12,25,0,19,20,1,0,2,2,7,0
2014-02-16,4,0,15,14,12,0,19,9,0,2,1,0,5,0
2014-02-17,4,0,14,14,16,0,27,11,1,1,0,0,3,0
2014-02-18,10,0,3,14,19,0,18,19,1,0,1,0,6,0
2014-02-19,11,0,7,11,19,0,25,14,1,0,0,1,6,0
2014-02-20,9,0,8,15,19,0,32,15,1,1,2,3,8,1
2014-02-21,14,1,15,16,26,1,34,20,0,0,2,0,9,0
2014-02-22,11,0,4,10,22,0,41,17,0,0,2,0,2,0
2014-02-23,9,1,4,5,17,1,26,15,0,0,2,1,3,1
2014-02-24,9,0,8,14,22,1,28,10,0,0,1,3,6,0
2014-02-25,12,0,11,15,29,1,24,17,0,0,1,0,7,0
2014-02-26,15,0,9,16,22,0,15,12,0,0,1,2,8,2
2014-02-27,5,0,4,16,25,0,22,15,1,0,0,3,12,0
2014-02-28,10,0,10,20,22,0,33,20,2,0,0,1,6,0
2014-03-01,15,0,11,18,22,1,29,12,3,1,0,3,7,2
2014-03-02,12,0,4,5,29,0,16,12,0,0,4,1,0,1
2014-03-03,9,0,5,8,11,0,10,10,0,0,0,1,2,0
2014-03-04,16,0,10,13,23,0,22,9,0,0,0,0,4,0
2014-03-05,7,1,9,20,20,0,24,14,0,0,2,0,6,0
2014-03-06,13,0,9,15,22,0,24,16,0,0,1,2,6,0
2014-03-07,8,0,10,10,22,1,39,12,0,1,2,0,5,0
2014-03-08,13,0,9,15,19,1,25,17,1,1,0,0,6,0
2014-03-09,14,0,9,13,14,0,14,11,1,0,1,4,6,1
2014-03-10,13,0,9,20,25,0,38,15,2,0,2,0,3,1
2014-03-11,9,0,9,23,27,0,27,8,0,1,2,1,4,0
2014-03-12,17,0,4,18,15,0,22,8,1,0,0,0,8,1
2014-03-13,7,0,10,15,22,0,31,10,1,0,0,4,2,0
2014-03-14,18,0,9,23,32,1,38,14,2,0,3,3,9,2
2014-03-15,18,0,10,12,27,0,52,23,1,2,0,1,5,1
2014-03-16,10,0,5,7,20,0,23,15,0,0,0,2,5,1
2014-03-17,9,0,7,12,16,0,16,12,3,0,1,1,4,1
2014-03-18,11,0,8,17,26,0,23,17,0,0,1,1,3,0
2014-03-19,14,0,10,13,14,0,29,6,0,0,1,1,6,0
2014-03-20,19,0,5,14,16,0,20,18,1,0,1,3,2,0
2014-03-21,9,0,9,18,28,0,21,17,1,1,0,0,2,0
2014-03-22,18,1,12,19,18,0,15,30,1,1,0,2,2,0
2014-03-23,15,1,6,8,16,0,24,28,3,0,1,1,5,0
2014-03-24,11,0,10,19,36,0,32,12,0,0,3,1,6,1
2014-03-25,12,0,10,22,18,1,34,15,1,0,3,0,3,2
2014-03-26,12,0,7,12,17,0,25,22,1,0,1,0,2,0
2014-03-27,20,1,11,18,26,1,38,10,1,1,3,0,10,1
2014-03-28,10,1,14,13,23,0,27,23,1,1,3,0,4,2
2014-03-29,7,0,11,12,19,0,21,13,1,1,1,1,4,0
2014-03-30,9,1,12,7,19,0,26,12,0,2,2,0,2,0
2014-03-31,10,0,9,14,30,1,47,13,2,0,1,0,10,4
2014-04-01,16,0,8,19,21,0,41,12,2,0,0,0,4,1
2014-04-02,11,0,9,16,19,0,46,11,2,0,0,0,3,0
2014-04-03,14,1,8,16,20,1,30,21,0,0,0,0,7,0
2014-04-04,14,0,12,18,29,1,37,19,0,0,0,0,8,0
2014-04-05,15,0,11,10,22,0,28,18,1,0,1,3,6,1
2014-04-06,13,1,12,5,26,1,24,9,1,0,0,1,4,1
2014-04-07,9,1,11,14,24,0,32,15,1,1,0,0,4,0
2014-04-08,8,1,13,19,25,1,29,14,2,0,1,1,5,0
2014-04-09,11,0,8,15,25,0,42,16,0,0,5,0,6,1
2014-04-10,9,0,11,13,20,0,29,24,1,1,0,0,5,1
2014-04-11,14,1,10,18,18,0,34,14,0,0,0,0,5,0
2014-04-12,9,0,7,18,27,0,38,14,0,0,1,0,6,0
2014-04-13,19,2,17,11,33,0,24,12,1,1,0,1,7,3
2014-04-14,13,1,10,21,19,1,43,19,1,1,1,2,9,1
2014-04-15,12,0,8,20,13,1,39,11,0,3,1,0,1,0
2014-04-16,15,1,12,21,15,1,29,12,1,0,0,0,8,0
2014-04-17,13,0,9,13,21,1,34,27,0,0,2,1,6,1
2014-04-18,13,0,10,16,21,1,34,14,0,1,3,2,4,1
2014-04-19,17,4,5,12,25,0,33,13,0,0,1,0,8,1
2014-04-20,19,1,4,11,28,0,31,15,1,0,0,1,5,2
2014-04-21,14,1,11,17,19,0,31,18,1,0,0,1,5,1
2014-04-22,12,3,9,25,23,1,22,21,0,0,2,0,4,0
2014-04-23,14,0,6,27,25,0,37,24,0,0,1,2,3,0
2014-04-24,16,0,8,18,25,0,24,21,0,1,1,2,7,1
2014-04-25,15,0,16,22,27,0,33,12,0,0,0,1,10,1
2014-04-26,15,1,10,13,27,0,46,14,0,0,1,3,3,1
2014-04-27,21,2,12,15,38,2,30,10,1,1,1,3,4,3
2014-04-28,15,2,11,26,24,0,39,14,1,0,1,2,8,1
2014-04-29,8,0,12,12,26,0,28,18,2,0,1,1,9,0
2014-04-30,6,0,10,12,20,0,32,16,0,0,4,2,7,1
2014-05-01,12,1,11,16,24,0,41,14,0,0,1,0,11,1
2014-05-02,15,0,10,25,22,0,32,13,1,0,1,1,6,1
2014-05-03,13,0,4,15,24,3,24,17,0,0,2,1,7,1
2014-05-04,11,2,5,13,22,0,40,18,1,0,1,1,8,0
2014-05-05,14,0,7,18,25,1,39,16,0,0,3,1,4,4
2014-05-06,13,1,8,24,27,1,35,15,1,1,0,1,9,1
2014-05-07,13,2,15,18,25,1,34,12,1,1,1,2,8,0
2014-05-08,7,1,9,25,24,0,35,22,1,1,1,2,2,1
2014-05-09,17,0,9,27,19,1,39,19,1,2,0,0,11,1
2014-05-10,12,0,12,13,28,0,27,12,0,0,2,2,6,0
2014-05-11,16,1,11,16,25,2,21,18,0,0,1,1,11,0
2014-05-12,14,1,16,22,20,1,26,16,1,0,3,1,9,1
2014-05-13,17,0,8,16,20,0,29,26,0,0,2,1,10,0
2014-05-14,12,0,9,32,26,0,33,18,0,1,1,0,5,1
2014-05-15,13,0,15,21,30,1,36,26,0,0,0,3,4,0
2014-05-16,14,1,16,23,18,1,43,23,0,1,0,1,2,3
2014-05-17,21,2,16,15,36,1,45,18,0,0,2,1,4,5
2014-05-18,10,0,10,17,25,0,27,17,1,0,0,0,11,0
2014-05-19,8,1,9,16,21,0,52,16,1,0,2,0,8,1
2014-05-20,16,1,9,24,23,0,50,19,1,1,2,2,3,0
2014-05-21,20,0,10,16,18,2,25,18,1,1,5,2,9,4
2014-05-22,19,0,7,27,25,1,30,32,0,0,2,0,13,4
2014-05-23,16,2,6,25,25,1,43,16,0,0,1,0,7,2
2014-05-24,18,1,10,10,17,1,32,20,2,0,1,1,10,0
2014-05-25,15,1,16,18,21,0,27,21,2,0,3,0,4,0
2014-05-26,20,1,11,12,30,1,18,18,3,0,2,1,3,2
2014-05-27,20,4,8,20,24,2,33,18,3,0,1,1,8,0
2014-05-28,9,0,8,17,18,0,35,17,0,2,6,0,13,3
2014-05-29,8,1,6,22,18,0,34,12,0,1,4,2,5,1
2014-05-30,13,0,14,23,19,0,34,12,1,0,1,0,7,1
2014-05-31,14,2,10,14,18,2,25,26,1,0,3,0,10,0
2014-06-01,12,1,10,11,13,2,32,22,3,0,2,2,6,0
2014-06-02,13,0,9,21,29,2,37,14,0,0,1,4,13,4
2014-06-03,11,1,8,26,23,2,24,15,0,0,2,0,8,0
2014-06-04,7,1,14,21,23,0,49,12,1,1,2,0,11,0
2014-06-05,12,0,8,15,27,0,32,17,0,2,0,2,6,0
2014-06-06,10,0,10,19,29,1,37,18,1,0,2,2,3,1
2014-06-07,9,0,5,12,31,1,33,22,1,0,2,0,3,0
2014-06-08,19,1,12,19,19,2,35,10,1,0,3,5,8,2
2014-06-09,11,0,9,20,29,0,39,26,0,1,1,2,9,1
2014-06-10,13,0,7,19,21,0,32,10,0,1,3,0,5,1
2014-06-11,8,1,13,20,23,0,34,15,2,1,0,0,8,0
2014-06-12,15,1,11,29,24,0,29,10,0,0,0,0,8,1
2014-06-13,13,0,4,18,17,0,33,19,1,0,2,1,8,0
2014-06-14,19,2,12,18,24,1,41,16,1,2,2,0,8,0
2014-06-15,16,0,12,13,32,0,32,30,0,0,0,0,10,4
2014-06-16,13,1,11,17,22,1,44,31,1,0,0,0,6,2
2014-06-17,10,1,12,17,23,0,32,19,0,0,0,0,8,1
2014-06-18,9,0,16,14,18,0,36,23,0,1,2,4,4,0
2014-06-19,7,0,12,34,17,0,26,20,0,0,4,1,11,2
2014-06-20,5,0,12,24,21,0,46,21,1,1,3,0,17,0
2014-06-21,9,0,12,17,18,2,29,30,1,0,4,1,7,0
2014-06-22,7,0,11,14,27,0,24,13,0,0,1,0,4,1
2014-06-23,20,2,6,26,21,0,33,27,1,0,1,0,2,1
2014-06-24,19,0,17,16,25,0,29,36,1,0,6,2,7,3
2014-06-25,10,0,15,18,14,0,37,24,1,0,1,1,4,2
2014-06-26,5,0,18,24,20,1,29,19,1,0,0,3,6,1
2014-06-27,7,1,8,27,22,1,36,25,1,1,1,2,11,0
2014-06-28,14,0,15,23,27,0,40,23,0,0,5,4,8,0
2014-06-29,15,1,12,12,12,3,24,33,0,1,0,0,7,1
2014-06-30,7,0,8,16,14,0,30,24,0,0,2,4,8,3
2014-07-01,27,0,12,31,21,1,31,18,1,1,2,2,3,2
2014-07-02,11,0,11,19,22,0,22,18,2,0,0,1,10,2
2014-07-03,8,2,9,33,12,0,34,17,0,1,1,0,2,1
2014-07-04,10,1,9,16,23,2,19,16,1,0,1,4,9,0
2014-07-05,16,0,1,17,21,3,34,18,0,0,1,3,8,4
2014-07-06,7,2,17,17,25,0,31,27,3,0,3,2,5,1
2014-07-07,10,1,13,24,21,0,32,24,0,1,1,0,8,1
2014-07-08,11,0,13,14,10,1,35,27,0,0,1,0,9,1
2014-07-09,9,0,16,22,18,0,39,25,1,1,1,1,9,0
2014-07-10,10,2,12,21,29,0,32,22,1,1,4,0,1,0
2014-07-11,16,1,16,23,18,0,31,22,0,0,0,1,8,1
2014-07-12,12,0,10,18,21,0,40,16,1,0,2,0,9,1
2014-07-13,13,0,16,13,22,0,26,29,1,0,0,3,5,0
2014-07-14,8,0,10,29,24,0,29,27,0,0,1,1,7,2
2014-07-15,11,0,18,26,14,1,27,22,1,0,3,1,7,1
2014-07-16,6,0,14,24,17,4,35,31,0,0,1,1,8,0
2014-07-17,13,0,16,17,19,3,31,25,1,0,1,1,1,1
2014-07-18,18,1,9,18,19,0,40,19,0,0,1,3,0,2
2014-07-19,13,0,10,16,36,0,25,18,0,0,0,1,8,0
2014-07-20,15,3,10,15,20,1,44,30,0,0,1,2,12,0
2014-07-21,18,2,10,24,17,0,46,16,1,0,2,0,8,1
2014-07-22,16,0,15,23,19,0,37,12,0,0,2,2,5,1
2014-07-23,10,0,14,16,22,1,28,32,0,1,1,0,2,4
2014-07-24,12,2,9,29,20,0,38,25,0,0,3,0,6,1
2014-07-25,10,0,16,27,13,0,40,27,1,0,2,0,13,4
2014-07-26,11,2,9,21,19,1,30,33,0,0,1,3,5,1
2014-07-27,15,0,5,15,26,0,36,28,1,1,2,7,11,4
2014-07-28,9,1,6,15,12,0,29,21,0,0,2,0,5,1
2014-07-29,17,0,14,18,17,0,43,18,0,0,0,2,6,3
2014-07-30,14,1,8,18,14,1,47,20,0,0,1,1,6,5
2014-07-31,13,2,10,16,22,2,27,29,0,0,0,1,5,4
2014-08-01,23,2,14,27,20,2,55,17,2,0,3,3,7,6
2014-08-02,17,0,6,13,18,0,27,23,0,1,1,1,4,0
2014-08-03,15,0,15,16,22,1,32,19,0,0,1,2,4,3
2014-08-04,11,1,6,22,18,0,38,18,1,0,3,1,6,1
2014-08-05,6,1,9,15,17,1,34,18,1,0,2,0,10,1
2014-08-06,10,1,10,16,23,0,36,30,2,0,3,4,8,0
2014-08-07,14,0,8,16,19,1,33,26,2,1,4,2,6,1
2014-08-08,12,0,10,19,24,0,50,18,1,1,2,0,7,4
2014-08-09,9,0,15,17,20,3,20,15,1,0,0,1,2,1
2014-08-10,16,1,14,20,24,1,29,34,1,2,3,4,8,0
2014-08-11,19,2,11,25,17,3,50,23,0,0,0,4,9,3
2014-08-12,6,0,11,14,11,0,19,15,1,0,2,2,5,1
2014-08-13,11,0,7,21,21,0,28,22,0,0,2,1,8,2
2014-08-14,10,1,11,24,12,0,44,33,0,0,3,2,4,1
2014-08-15,4,0,12,32,27,1,41,28,1,0,3,3,10,0
2014-08-16,12,1,9,12,24,1,30,14,0,0,2,0,5,0
2014-08-17,14,1,10,12,15,0,30,15,3,2,0,2,11,1
2014-08-18,10,0,8,23,15,0,39,19,3,1,1,2,18,3
2014-08-19,12,0,19,23,9,0,36,27,0,0,4,1,7,1
2014-08-20,13,0,12,13,17,2,43,26,0,0,1,0,9,0
2014-08-21,10,1,13,16,15,1,24,21,0,1,0,2,5,1
2014-08-22,5,0,7,14,16,2,27,31,0,0,3,2,15,2
2014-08-23,14,0,8,29,19,0,29,13,0,1,2,0,13,3
2014-08-24,13,2,10,10,11,3,23,21,1,0,1,2,5,1
2014-08-25,15,0,11,19,31,0,34,22,0,2,5,1,14,0
2014-08-26,8,3,10,19,19,1,37,15,1,0,1,1,14,2
2014-08-27,14,2,9,21,13,1,37,16,0,2,1,2,13,3
2014-08-28,12,1,10,20,21,0,28,16,1,2,1,0,6,1
2014-08-29,11,1,6,20,25,1,53,17,1,0,1,1,11,0
2014-08-30,10,0,10,18,18,0,25,18,0,0,3,2,8,0
2014-08-31,22,0,11,9,27,1,26,23,0,1,2,0,5,5
2014-09-01,20,0,7,27,41,2,32,23,2,1,1,0,14,1
2014-09-02,17,0,8,14,26,1,41,25,0,1,0,5,11,1
2014-09-03,12,0,10,17,17,2,26,15,1,2,0,0,12,1
2014-09-04,10,0,11,21,24,0,36,18,3,2,1,2,11,1
2014-09-05,18,0,10,24,24,0,39,22,0,0,2,0,6,0
2014-09-06,13,0,12,19,20,1,33,28,1,0,1,1,10,3
2014-09-07,13,0,8,17,31,0,29,21,0,0,4,0,4,0
2014-09-08,7,2,11,20,15,0,34,17,0,0,2,3,9,0
2014-09-09,12,1,8,22,21,0,34,14,0,1,4,0,2,1
2014-09-10,15,0,9,17,21,0,42,24,0,0,4,2,5,2
2014-09-11,6,0,14,20,16,1,40,23,2,0,2,0,8,1
2014-09-12,24,1,7,26,15,0,47,14,0,0,0,0,10,2
2014-09-13,8,1,3,14,19,0,32,18,0,0,2,1,5,2
2014-09-14,5,1,12,16,31,0,28,13,2,1,0,1,4,1
2014-09-15,10,1,4,27,12,0,41,15,0,0,4,0,6,1
2014-09-16,11,0,12,18,17,0,38,12,0,1,4,2,6,1
2014-09-17,9,0,9,17,25,0,42,18,0,0,0,0,8,0
2014-09-18,17,0,8,19,27,2,48,23,2,0,1,2,13,0
2014-09-19,10,0,5,32,21,0,33,14,0,0,2,0,3,0
2014-09-20,16,0,10,25,19,1,27,24,2,0,4,0,7,1
2014-09-21,14,1,8,9,28,2,35,30,0,0,4,2,7,0
2014-09-22,7,1,7,28,15,1,41,20,1,0,0,7,25,1
2014-09-23,8,1,14,21,32,2,34,13,0,1,6,1,12,0
2014-09-24,15,0,12,16,17,0,22,17,0,0,0,1,19,1
2014-09-25,11,7,7,18,15,1,26,21,0,1,3,0,10,2
2014-09-26,13,0,13,13,23,1,41,20,0,1,0,2,9,1
2014-09-27,14,0,12,28,21,0,38,15,2,0,3,0,5,1
2014-09-28,11,0,13,19,19,1,47,13,0,0,0,1,4,0
2014-09-29,13,1,13,28,23,0,44,21,0,0,3,6,9,1
2014-09-30,15,0,4,20,24,1,43,12,2,0,3,0,7,1
2014-10-01,8,0,5,23,21,1,30,23,2,0,1,0,7,1
2014-10-02,13,0,7,15,18,0,30,19,0,0,0,0,12,0
2014-10-03,10,1,12,21,24,0,32,29,0,0,7,4,11,0
2014-10-04,20,0,8,13,29,1,34,17,4,2,4,3,7,2
2014-10-05,17,2,12,16,15,1,26,17,0,0,3,2,8,1
2014-10-06,10,0,7,22,18,1,21,14,1,0,0,3,9,1
2014-10-07,7,2,4,23,19,3,35,25,0,0,3,2,10,2
2014-10-08,4,2,15,17,18,0,32,17,0,0,3,4,7,0
2014-10-09,10,0,12,18,24,2,28,14,0,0,1,1,16,2
2014-10-10,9,1,12,31,20,2,36,22,1,0,1,1,8,1
2014-10-11,12,0,9,15,21,1,19,20,0,4,0,1,11,1
2014-10-12,13,0,12,26,21,0,37,22,0,0,3,2,7,2
2014-10-13,13,2,8,21,27,0,36,17,1,0,3,1,10,0
2014-10-14,13,0,13,27,18,0,28,27,0,0,3,2,7,2
2014-10-15,9,1,11,26,19,1,28,10,0,0,9,3,8,1
2014-10-16,8,1,7,24,28,0,25,28,1,2,1,1,10,1
2014-10-17,13,0,6,24,18,0,30,28,1,0,7,3,7,1
2014-10-18,16,0,11,20,24,0,27,21,0,1,2,0,12,0
2014-10-19,8,2,11,17,13,0,30,24,0,0,1,1,3,0
2014-10-20,5,1,9,20,16,0,39,21,1,0,1,3,19,1
2014-10-21,18,0,8,18,20,0,27,19,0,0,1,0,12,0
2014-10-22,8,0,13,27,18,1,34,42,1,0,2,1,8,1
2014-10-23,13,1,6,27,19,1,28,24,0,2,4,1,12,2
2014-10-24,11,1,15,24,26,0,34,20,0,0,7,0,12,0
2014-10-25,12,4,11,21,23,1,28,21,0,2,6,0,5,3
2014-10-26,10,1,9,28,17,0,28,31,2,0,0,2,4,2
2014-10-27,15,0,3,31,18,0,30,27,1,0,1,1,6,1
2014-10-28,13,2,13,16,16,1,42,26,2,0,0,0,12,0
2014-10-29,4,0,14,30,20,1,46,21,0,0,2,1,9,2
2014-10-30,9,0,13,24,19,0,39,22,2,0,3,4,14,1
2014-10-31,9,0,12,36,25,1,32,27,1,0,1,1,6,0
2014-11-01,24,0,12,22,18,1,31,9,2,0,1,1,5,0
2014-11-02,13,0,14,19,14,1,25,20,1,0,4,0,5,1
2014-11-03,12,0,11,16,12,1,28,23,1,0,5,1,7,0
2014-11-04,13,1,13,16,14,0,26,9,1,0,1,2,4,2
2014-11-05,16,1,8,25,15,1,26,24,0,0,1,1,13,2
2014-11-06,12,0,11,24,19,0,23,21,0,1,2,1,7,1
2014-11-07,11,2,4,25,16,0,39,26,0,1,1,4,11,1
2014-11-08,13,0,11,15,22,0,24,11,2,0,0,0,7,4
2014-11-09,9,1,11,14,24,1,24,27,0,4,2,1,8,0
2014-11-10,7,1,13,29,14,2,31,18,1,1,1,1,5,0
2014-11-11,14,2,10,26,24,0,35,7,1,0,2,3,13,1
2014-11-12,10,1,13,17,21,0,29,20,0,0,1,1,12,4
2014-11-13,7,0,9,14,22,0,30,20,0,1,2,1,12,0
2014-11-14,12,1,12,24,25,0,25,8,0,1,3,1,12,2
2014-11-15,16,0,8,14,20,0,33,15,0,1,5,1,6,1
2014-11-16,14,3,11,10,22,0,12,15,0,1,1,0,3,0
2014-11-17,7,0,9,17,16,0,29,20,0,0,2,1,7,1
2014-11-18,7,0,11,21,24,1,50,18,1,0,2,1,4,0
2014-11-19,12,2,8,19,17,2,29,17,1,0,2,2,6,0
2014-11-20,8,0,8,28,9,1,32,12,1,2,2,0,6,1
2014-11-21,14,1,14,28,22,0,29,12,0,0,2,1,12,0
2014-11-22,15,1,13,13,21,0,33,26,1,0,4,2,9,2
2014-11-23,14,3,11,22,25,0,12,25,1,0,0,2,7,1
2014-11-24,13,0,12,28,20,0,31,28,1,0,0,3,21,1
2014-11-25,13,0,9,16,23,1,26,14,0,1,0,2,8,1
2014-11-26,11,0,10,39,10,0,28,18,0,1,1,0,8,4
2014-11-27,8,1,1,16,10,0,20,15,0,1,2,3,9,1
2014-11-28,11,3,11,16,19,0,36,18,1,0,1,2,8,0
2014-11-29,9,2,7,21,16,0,28,17,1,3,5,0,7,1
2014-11-30,13,0,12,13,21,1,27,15,2,0,2,0,9,0
2014-12-01,20,0,8,29,19,2,50,17,0,1,1,4,16,5
2014-12-02,8,0,7,21,10,1,32,13,2,1,2,4,7,1
2014-12-03,18,0,7,16,23,0,24,21,2,0,1,4,8,1
2014-12-04,1,0,9,20,23,0,40,16,0,1,2,0,6,0
2014-12-05,6,0,10,40,20,0,25,20,0,0,0,0,11,0
2014-12-06,10,0,8,13,17,0,29,17,0,1,2,0,2,1
2014-12-07,11,0,8,10,19,1,25,17,0,0,2,2,5,0
2014-12-08,12,0,8,20,23,0,38,20,1,1,3,2,11,0
2014-12-09,13,2,9,24,14,1,24,12,0,0,3,1,5,2
2014-12-10,7,0,5,31,11,0,25,19,1,3,2,0,9,1
2014-12-11,15,0,9,12,12,0,31,20,0,1,1,1,13,2
2014-12-12,13,0,5,27,24,0,32,20,2,0,1,1,18,1
2014-12-13,10,0,10,15,19,0,20,28,1,1,0,0,9,2
2014-12-14,10,2,8,13,22,2,21,26,3,0,6,6,5,1
2014-12-15,9,1,5,20,14,0,39,16,0,0,8,0,10,0
2014-12-16,6,0,10,25,14,1,29,32,0,2,0,0,11,2
2014-12-17,8,0,12,30,18,0,29,14,0,0,3,1,7,1
2014-12-18,8,0,10,28,9,0,37,19,0,0,2,1,5,0
2014-12-19,8,1,8,21,13,0,40,21,0,2,1,0,12,1
2014-12-20,18,0,17,22,12,2,26,18,0,1,3,2,6,2
2014-12-21,8,0,7,14,21,0,18,22,1,1,3,0,5,0
2014-12-22,9,1,7,31,16,1,46,36,1,0,3,1,2,1
2014-12-23,12,0,10,24,17,0,26,14,0,1,1,1,10,2
2014-12-24,6,0,23,20,16,0,34,9,0,1,6,0,5,1
2014-12-25,9,0,8,9,21,1,15,12,0,1,1,0,6,0
2014-12-26,5,1,3,10,11,0,19,16,0,0,4,2,5,0
2014-12-27,6,0,8,11,18,0,28,23,1,2,1,0,7,2
2014-12-28,17,0,13,9,26,1,18,22,0,0,1,1,7,2
2014-12-29,7,0,9,16,10,0,16,12,3,1,7,2,14,1
2014-12-30,11,0,6,21,11,1,26,18,0,2,3,2,9,1
2014-12-31,9,0,6,26,11,1,37,12,0,0,1,0,6,0
2015-01-01,19,1,15,24,28,0,39,17,3,1,1,2,9,2
2015-01-02,3,0,9,22,7,0,32,12,1,1,5,6,10,0
2015-01-03,8,2,10,10,11,3,11,9,0,0,0,2,7,1
2015-01-04,6,0,11,5,15,2,20,22,0,1,2,1,11,0
2015-01-05,7,0,10,22,15,1,32,24,1,1,2,4,3,0
2015-01-06,7,1,14,5,11,0,30,9,0,0,4,2,3,1
2015-01-07,11,1,11,19,13,0,32,11,0,1,2,0,5,2
2015-01-08,4,2,8,13,12,0,23,10,0,1,1,0,9,1
2015-01-09,10,1,6,19,13,2,29,12,2,1,0,1,6,2
2015-01-10,5,0,15,10,18,1,23,7,0,0,1,0,4,0
2015-01-11,10,0,6,14,19,0,20,13,1,0,2,1,6,0
2015-01-12,23,0,13,21,19,1,26,10,1,1,2,1,7,1
2015-01-13,8,0,15,17,17,0,44,19,1,1,3,1,8,1
2015-01-14,10,1,13,25,14,0,37,17,1,1,3,0,4,1
2015-01-15,5,1,15,24,18,0,44,22,0,0,4,1,8,0
2015-01-16,10,0,5,33,17,0,36,20,0,0,2,1,4,2
2015-01-17,17,1,9,13,15,1,27,32,1,0,5,0,3,4
2015-01-18,11,0,10,21,8,2,21,21,1,0,7,5,4,0
2015-01-19,15,1,15,23,12,0,29,24,0,4,3,2,11,2
2015-01-20,8,1,8,30,9,0,33,17,1,1,1,1,10,1
2015-01-21,10,0,13,22,19,0,30,15,0,2,6,1,5,0
2015-01-22,8,0,6,16,20,0,31,26,0,1,1,0,5,1
2015-01-23,9,1,16,25,19,0,35,17,0,1,5,4,6,2
2015-01-24,9,2,13,19,21,1,24,22,0,1,5,1,5,0
2015-01-25,10,0,11,16,15,1,18,10,0,0,1,2,4,0
2015-01-26,18,0,7,19,12,1,28,15,0,0,4,2,5,2
2015-01-27,10,0,12,22,18,0,37,19,1,0,4,4,3,2
2015-01-28,6,0,12,21,17,1,27,19,0,1,6,5,5,1
2015-01-29,12,2,6,15,19,3,28,16,1,0,2,0,10,2
2015-01-30,8,0,9,24,23,1,29,15,0,0,1,0,12,1
2015-01-31,9,0,15,12,18,1,25,16,0,1,0,0,2,1
2015-02-01,16,1,5,22,24,2,21,11,0,0,0,0,3,1
2015-02-02,19,1,12,20,16,0,28,19,2,0,1,0,5,1
2015-02-03,5,0,9,19,17,1,25,16,0,0,4,0,9,0
2015-02-04,3,1,6,12,24,0,26,14,2,1,0,0,8,0
2015-02-05,13,2,8,20,15,0,28,14,0,0,2,0,5,0
2015-02-06,9,2,11,18,19,0,27,12,0,0,1,1,5,0
2015-02-07,15,1,10,9,21,0,20,12,0,1,0,1,7,0
2015-02-08,5,1,6,6,24,0,9,7,0,0,0,3,2,0
2015-02-09,10,0,11,17,20,0,30,12,1,1,1,2,4,1
2015-02-10,6,0,6,18,11,0,30,14,0,2,2,1,11,0
2015-02-11,13,0,5,19,18,1,28,14,0,0,1,1,3,0
2015-02-12,9,0,11,10,20,2,25,10,0,0,2,0,4,4
2015-02-13,10,0,17,16,16,0,32,17,0,1,3,0,12,0
2015-02-14,6,0,7,11,18,1,23,9,1,0,2,1,3,0
2015-02-15,7,0,3,14,15,0,20,7,0,0,1,1,7,0
2015-02-16,3,0,11,12,8,0,15,11,0,0,1,0,4,1
2015-02-17,7,0,11,6,16,0,19,7,1,0,2,1,3,0
2015-02-18,7,0,5,17,14,0,31,4,1,0,2,1,8,0
2015-02-19,6,0,13,13,12,0,26,3,0,0,1,0,1,1
2015-02-20,11,0,19,15,15,0,19,11,0,0,0,1,1,1
2015-02-21,6,0,10,10,14,1,11,7,0,0,0,1,5,0
2015-02-22,6,1,9,11,19,1,17,9,0,0,1,0,2,0
2015-02-23,7,0,5,12,18,0,17,11,2,0,3,2,2,0
2015-02-24,3,0,9,6,21,2,25,10,1,2,2,0,1,0
2015-02-25,10,1,10,21,15,1,30,19,1,0,1,1,5,1
2015-02-26,8,0,6,11,17,0,25,15,0,0,1,0,8,1
2015-02-27,12,0,9,15,15,0,35,7,0,0,1,0,7,0
2015-02-28,9,0,9,11,22,1,22,15,0,0,2,1,8,3
2015-03-01,10,0,5,8,12,0,34,5,0,0,1,0,1,1
2015-03-02,11,0,10,8,15,2,15,10,1,0,2,0,4,0
2015-03-03,7,0,5,19,16,1,29,14,0,1,1,1,6,1
2015-03-04,12,0,13,14,16,0,17,18,4,1,1,1,4,0
2015-03-05,6,0,4,10,11,0,14,2,0,1,0,1,5,0
2015-03-06,8,1,5,10,12,0,29,8,1,1,5,2,8,2
2015-03-07,9,2,8,12,14,0,14,13,0,0,5,0,4,2
2015-03-08,8,0,12,13,19,0,22,16,2,0,4,3,4,1
2015-03-09,5,1,7,18,19,0,22,15,0,0,1,0,5,1
2015-03-10,8,0,6,18,19,1,33,18,2,0,2,2,6,0
2015-03-11,15,0,13,17,19,0,24,20,2,2,1,2,6,2
2015-03-12,10,0,11,22,17,2,38,22,1,2,2,0,9,1
2015-03-13,10,0,5,23,24,0,29,23,0,1,0,4,7,2
2015-03-14,11,1,11,15,23,0,24,20,3,0,3,1,3,0
2015-03-15,8,0,6,12,10,0,33,13,0,2,1,1,11,2
2015-03-16,10,2,8,22,17,0,28,23,0,0,0,1,9,1
2015-03-17,10,0,7,24,27,1,37,18,2,0,3,4,9,2
2015-03-18,11,0,6,18,22,0,25,19,2,0,3,1,5,0
2015-03-19,10,1,5,8,18,0,38,22,0,0,3,2,4,0
2015-03-20,15,0,13,25,20,0,27,15,0,0,1,0,3,2
2015-03-21,16,2,11,17,12,0,33,16,0,1,0,0,7,1
2015-03-22,20,0,9,10,19,0,20,9,0,1,1,2,9,0
2015-03-23,17,0,9,30,16,2,30,12,1,1,1,0,3,1
2015-03-24,8,1,10,16,22,1,29,13,4,0,0,0,4,1
2015-03-25,6,0,10,20,21,0,25,26,0,0,2,0,8,0
2015-03-26,16,0,8,13,18,1,30,17,0,0,0,1,10,0
2015-03-27,12,1,8,22,23,1,36,30,1,1,1,1,5,1
2015-03-28,15,1,6,22,18,1,25,23,1,0,1,0,4,2
2015-03-29,13,0,8,10,20,0,25,13,0,0,4,0,2,0
2015-03-30,11,3,8,12,21,2,37,10,0,0,1,4,5,1
2015-03-31,9,3,5,22,24,0,33,7,0,0,0,1,2,0
2015-04-01,7,0,13,19,24,0,33,12,3,0,1,0,6,0
2015-04-02,22,0,11,17,18,0,34,17,0,1,1,0,4,7
2015-04-03,16,0,9,17,19,0,27,31,1,0,1,1,4,2
2015-04-04,9,0,11,17,24,3,27,9,0,0,0,1,8,0
2015-04-05,5,2,7,10,26,0,21,9,0,0,0,3,5,1
2015-04-06,7,2,7,23,20,0,35,18,1,1,3,2,3,0
2015-04-07,11,2,7,15,8,1,23,23,1,0,0,3,5,2
2015-04-08,13,0,12,11,12,1,28,13,1,1,2,1,5,1
2015-04-09,4,0,14,11,14,0,32,22,0,2,1,2,3,0
2015-04-10,7,0,5,10,17,1,28,15,1,1,1,0,7,0
2015-04-11,9,1,13,20,19,0,31,10,2,1,1,0,6,0
2015-04-12,10,0,5,16,23,0,21,14,3,2,0,1,5,0
2015-04-13,8,1,6,20,14,1,40,8,1,0,0,0,5,1
2015-04-14,7,0,8,21,17,0,21,26,1,0,1,1,6,0
2015-04-15,11,1,9,23,25,0,28,22,0,0,1,0,12,1
2015-04-16,11,0,9,30,19,0,36,22,2,0,3,2,5,0
2015-04-17,17,0,10,18,8,3,30,23,2,2,1,3,4,2
2015-04-18,15,0,8,11,35,0,22,20,3,1,3,0,8,2
2015-04-19,15,0,11,15,23,0,32,15,0,1,0,1,5,0
2015-04-20,7,1,9,22,25,0,22,23,0,0,6,1,7,1
2015-04-21,14,0,10,22,23,2,25,21,0,0,1,0,7,2
2015-04-22,11,1,8,13,19,0,23,17,2,1,0,0,12,1
2015-04-23,9,0,14,25,23,1,31,22,2,0,1,0,7,1
2015-04-24,22,0,8,25,14,1,29,25,2,0,1,1,5,1
2015-04-25,41,0,14,30,24,1,27,18,0,1,3,1,7,1
2015-04-26,6,3,8,21,12,2,15,13,2,2,2,0,9,2
2015-04-27,90,10,29,210,11,0,25,15,1,7,13,1,9,0
2015-04-28,12,14,5,98,8,1,16,9,3,3,2,0,8,5
2015-04-29,12,4,6,21,19,3,14,12,0,1,0,2,8,2
2015-04-30,12,1,10,26,17,2,19,13,2,1,1,4,7,3
2015-05-01,8,1,9,27,13,1,42,13,0,0,3,0,8,2
2015-05-02,11,1,9,10,16,1,19,12,0,2,1,3,6,1
2015-05-03,17,2,8,11,25,1,14,8,1,1,1,1,5,1
2015-05-04,11,0,10,17,13,2,27,18,1,4,0,0,14,4
2015-05-05,25,0,16,28,23,0,28,21,0,2,2,2,7,4
2015-05-06,12,1,12,25,15,1,35,17,0,0,2,5,10,0
2015-05-07,21,1,11,20,23,2,32,17,1,0,2,3,6,6
2015-05-08,18,3,10,19,25,0,24,12,2,0,2,2,8,0
2015-05-09,14,1,13,20,26,0,26,13,3,0,1,3,2,2
2015-05-10,17,3,8,14,38,4,21,23,1,2,4,3,6,5
2015-05-11,25,0,14,23,21,1,30,23,0,1,2,0,8,5
2015-05-12,11,1,9,29,32,0,25,20,0,1,5,6,6,2
2015-05-13,10,0,22,18,19,0,25,19,0,1,1,1,4,2
2015-05-14,9,1,12,29,23,4,30,18,2,0,2,0,1,0
2015-05-15,25,0,11,32,24,2,35,26,3,1,4,0,6,3
2015-05-16,19,0,13,25,13,0,29,18,0,0,2,2,8,8
2015-05-17,9,1,12,16,17,2,21,18,1,0,2,1,5,0
2015-05-18,17,0,16,22,20,0,18,18,1,0,3,3,11,3
2015-05-19,20,0,11,28,21,0,21,27,1,1,4,1,14,7
2015-05-20,21,3,10,25,20,3,28,23,1,0,5,5,20,9
2015-05-21,10,1,12,23,23,1,33,16,0,0,9,2,16,1
2015-05-22,16,2,13,27,24,2,25,18,0,2,9,0,23,2
2015-05-23,30,2,8,16,15,3,31,17,2,0,1,1,6,5
2015-05-24,16,2,13,16,16,1,19,22,0,0,0,1,12,6
2015-05-25,27,0,9,21,18,2,33,19,1,0,2,1,3,7
2015-05-26,17,0,19,27,28,1,42,22,2,0,2,0,15,3
2015-05-27,14,0,20,25,17,0,38,28,0,1,4,1,14,2
2015-05-28,15,0,17,28,18,2,42,25,1,2,2,2,18,1
2015-05-29,18,0,15,30,21,2,34,26,1,1,5,0,23,2
2015-05-30,12,1,25,14,20,0,37,22,1,0,2,0,19,5
2015-05-31,14,3,13,12,27,3,31,18,0,1,4,1,4,3
2015-06-01,13,1,10,23,25,1,36,23,2,0,3,0,10,1
2015-06-02,25,2,13,23,19,5,28,36,0,1,4,2,13,3
2015-06-03,11,0,8,24,18,0,24,25,1,2,3,1,7,1
2015-06-04,12,0,20,18,13,0,36,21,3,0,1,0,9,0
2015-06-05,10,1,17,16,19,0,37,15,0,0,1,2,6,0
2015-06-06,21,1,15,24,26,1,38,32,1,0,3,2,12,4
2015-06-07,17,3,17,27,29,3,29,27,2,1,0,4,6,3
2015-06-08,21,0,14,23,17,3,43,26,1,0,5,0,8,3
2015-06-09,15,1,13,28,13,0,36,30,0,0,2,2,20,3
2015-06-10,12,0,14,22,22,0,37,15,0,0,1,2,9,3
2015-06-11,11,0,20,40,18,1,41,31,0,2,3,1,6,0
2015-06-12,18,1,16,25,16,4,36,24,0,0,2,4,20,3
2015-06-13,18,3,23,17,26,0,35,19,1,0,2,2,5,0
2015-06-14,18,0,16,19,27,1,21,13,1,0,2,2,11,4
2015-06-15,13,0,27,20,20,1,30,21,1,1,6,4,7,1
2015-06-16,12,1,13,15,23,1,21,31,0,0,3,0,11,1
2015-06-17,14,0,17,25,22,0,35,26,1,2,2,1,12,6
2015-06-18,10,0,15,15,10,0,32,24,2,2,2,0,11,2
2015-06-19,15,0,18,27,18,0,40,25,3,1,0,0,8,3
2015-06-20,16,0,18,10,31,0,21,25,0,1,5,2,9,1
2015-06-21,17,0,22,20,28,1,28,18,1,0,0,4,10,2
2015-06-22,21,0,20,21,27,1,32,39,2,2,3,1,5,3
2015-06-23,19,0,12,22,17,1,29,30,1,0,11,0,8,1
2015-06-24,15,2,17,20,10,0,30,30,0,1,4,1,5,1
2015-06-25,13,2,19,16,17,1,39,22,1,0,7,4,10,0
2015-06-26,12,1,14,21,38,0,31,14,1,0,5,1,6,1
2015-06-27,12,2,17,13,20,1,27,18,1,0,8,2,8,0
2015-06-28,15,0,24,17,25,2,33,17,2,1,6,0,8,5
2015-06-29,25,1,11,25,24,1,27,31,1,1,3,2,21,6
2015-06-30,13,1,10,20,21,0,25,14,1,0,5,0,9,5
2015-07-01,15,0,15,18,13,0,31,21,2,2,6,1,11,6
2015-07-02,31,1,18,26,18,2,31,21,0,0,8,2,5,5
2015-07-03,16,1,17,19,16,1,33,24,0,1,9,1,10,2
2015-07-04,15,4,19,16,25,0,27,18,4,1,2,1,8,2
2015-07-05,18,2,15,22,26,1,19,18,2,3,1,0,11,1
2015-07-06,13,2,13,21,15,2,22,28,0,2,5,1,11,1
2015-07-07,11,1,15,23,26,5,38,28,0,1,2,2,15,2
2015-07-08,16,0,18,25,17,1,30,25,1,2,1,2,13,1
2015-07-09,20,0,23,28,20,0,19,20,0,1,4,1,16,3
2015-07-10,14,1,15,17,18,2,39,22,1,0,2,1,11,2
2015-07-11,20,0,16,19,20,3,25,24,0,3,4,1,8,4
2015-07-12,25,0,17,12,25,4,28,20,1,1,1,0,19,7
2015-07-13,12,1,13,31,26,2,34,21,0,3,2,2,17,2
2015-07-14,20,2,14,25,13,0,46,24,0,1,5,1,11,2
2015-07-15,21,0,19,19,11,3,29,30,0,0,1,0,14,7
2015-07-16,7,2,11,26,16,0,28,35,0,0,5,1,12,1
2015-07-17,15,1,21,14,24,0,22,20,1,0,0,1,11,1
2015-07-18,18,0,19,19,29,0,25,20,0,2,1,1,12,2
2015-07-19,21,0,26,12,16,1,31,22,1,1,2,2,12,1
2015-07-20,19,2,21,27,21,0,35,26,1,0,1,0,9,3
2015-07-21,11,2,16,25,18,3,31,17,0,0,4,0,11,2
2015-07-22,20,0,15,23,13,1,28,22,0,1,4,2,9,6
2015-07-23,12,1,11,22,27,2,37,26,1,0,4,0,10,1
2015-07-24,19,1,16,33,23,1,29,15,0,2,4,1,8,2
2015-07-25,20,1,17,20,22,1,46,15,1,1,4,0,13,3
2015-07-26,26,0,16,30,20,2,35,27,0,2,0,7,9,4
2015-07-27,16,1,22,36,21,1,23,26,0,1,8,1,9,3
2015-07-28,13,1,17,27,22,2,42,18,0,1,2,0,9,0
2015-07-29,13,1,12,26,18,2,22,17,0,3,4,2,11,4
2015-07-30,13,3,19,18,14,1,35,13,0,1,1,2,12,1
2015-07-31,16,1,15,19,14,2,40,23,1,0,2,2,7,1
2015-08-01,13,0,19,23,33,1,34,21,2,0,1,3,11,1
2015-08-02,19,1,23,24,23,2,33,20,0,0,1,1,9,8
2015-08-03,14,1,16,28,19,0,34,16,0,0,3,4,8,2
2015-08-04,10,0,19,24,12,0,42,25,0,1,2,1,7,0
2015-08-05,12,0,16,22,13,0,38,20,0,0,3,0,5,1
2015-08-06,14,0,20,27,19,3,23,27,0,0,1,0,7,0
2015-08-07,16,0,14,16,19,1,38,32,0,2,2,1,10,7
2015-08-08,14,0,16,18,31,0,31,32,2,0,0,0,14,2
2015-08-09,17,0,16,20,26,3,21,27,3,0,2,2,11,2
2015-08-10,16,1,15,28,14,2,38,13,3,2,5,0,11,7
2015-08-11,12,0,10,19,19,0,30,21,1,0,0,1,12,0
2015-08-12,7,1,16,16,18,1,22,19,0,1,5,2,10,1
2015-08-13,20,1,8,9,25,3,31,29,3,0,3,2,6,1
2015-08-14,13,0,18,20,25,1,31,31,0,1,0,4,4,4
2015-08-15,12,1,19,24,20,0,31,23,2,1,3,0,8,0
2015-08-16,16,0,14,13,20,1,22,19,2,1,4,1,9,1
2015-08-17,12,0,15,26,14,1,35,25,1,0,1,2,7,4
2015-08-18,12,2,19,25,16,2,36,23,0,0,5,3,5,1
2015-08-19,15,1,13,17,16,2,34,25,1,1,6,0,9,5
2015-08-20,20,0,17,24,16,2,27,23,1,0,1,0,9,2
2015-08-21,13,0,18,21,17,0,39,31,0,3,1,1,7,0
2015-08-22,19,3,17,33,27,1,32,18,0,1,3,1,11,0
2015-08-23,9,2,23,20,24,0,28,28,1,0,1,2,18,1
2015-08-24,16,0,17,27,16,0,31,21,0,2,1,2,20,0
2015-08-25,13,1,16,26,12,0,34,31,1,2,7,1,18,1
2015-08-26,12,1,12,31,14,2,42,20,0,4,1,0,8,5
2015-08-27,16,0,12,28,18,2,35,28,0,0,5,1,5,4
2015-08-28,12,1,15,25,9,1,39,21,0,0,2,2,6,3
2015-08-29,18,2,19,27,16,1,26,21,0,2,3,1,3,1
2015-08-30,15,0,13,17,18,1,31,19,0,2,2,1,15,2
2015-08-31,9,1,19,20,17,1,43,25,3,0,5,2,9,4
2015-09-01,14,1,12,27,18,2,42,23,0,0,4,2,6,3
2015-09-02,14,3,11,19,14,0,39,18,0,0,3,1,6,3
2015-09-03,11,0,10,15,20,2,33,16,0,0,3,1,6,4
2015-09-04,17,0,14,23,23,1,33,17,0,1,1,3,5,1
2015-09-05,11,1,16,16,25,0,24,37,1,1,1,1,11,2
2015-09-06,7,0,25,29,25,0,22,15,1,1,1,1,8,4
2015-09-07,29,2,16,23,24,1,30,24,1,0,1,2,10,1
2015-09-08,10,0,19,28,26,0,23,15,0,0,5,0,7,0
2015-09-09,19,1,13,30,16,0,23,24,0,1,0,2,11,0
2015-09-10,16,0,15,21,17,0,41,23,1,1,0,3,10,1
2015-09-11,19,0,12,20,27,3,38,27,1,0,0,0,11,4
2015-09-12,16,0,14,24,18,1,25,22,2,0,2,0,7,5
2015-09-13,18,1,17,18,23,1,21,27,1,1,0,0,18,1
2015-09-14,15,0,13,25,11,1,39,23,0,0,2,1,7,0
2015-09-15,11,0,13,30,22,2,34,21,2,0,0,2,14,2
2015-09-16,25,0,9,14,19,1,31,27,1,0,0,0,13,4
2015-09-17,19,2,16,26,18,0,38,26,1,0,4,1,9,2
2015-09-18,12,4,23,24,21,1,30,22,0,1,4,1,6,2
2015-09-19,12,1,11,18,18,2,29,21,0,0,2,0,16,0
2015-09-20,23,2,10,30,21,0,22,28,3,1,3,0,15,2
2015-09-21,15,0,12,22,19,2,41,19,1,1,2,0,8,3
2015-09-22,16,1,12,22,24,1,38,26,0,2,5,0,13,4
2015-09-23,13,0,16,23,16,1,39,31,1,1,4,0,12,2
2015-09-24,9,4,9,25,21,1,26,24,1,1,2,0,7,1
2015-09-25,13,0,10,25,21,0,35,24,1,0,3,0,11,0
2015-09-26,11,2,8,31,14,0,30,16,3,0,4,0,13,0
2015-09-27,8,2,15,25,30,0,28,14,0,1,3,1,8,3
2015-09-28,11,0,15,26,19,1,38,23,1,0,3,0,7,2
2015-09-29,17,0,7,27,15,1,41,19,1,1,3,1,1,0
2015-09-30,6,0,12,23,19,2,36,26,1,1,3,2,10,1
2015-10-01,5,2,18,32,18,0,31,12,1,1,2,0,12,1
2015-10-02,14,0,10,27,15,3,26,25,0,1,1,1,10,5
2015-10-03,6,0,12,12,22,2,15,17,1,0,2,1,6,0
2015-10-04,10,2,16,20,5,2,23,14,0,1,2,0,10,2
2015-10-05,13,0,14,29,21,1,43,14,0,0,2,3,17,0
2015-10-06,23,0,11,24,20,0,29,13,1,0,5,0,8,5
2015-10-07,9,2,11,21,25,2,41,16,1,0,2,1,11,0
2015-10-08,13,2,15,15,23,1,28,17,0,0,2,1,5,1
2015-10-09,16,0,11,32,24,0,34,23,0,0,3,1,11,0
2015-10-10,21,0,15,22,17,0,24,20,4,0,0,2,11,1
2015-10-11,6,1,17,15,20,1,29,24,2,2,0,0,10,2
2015-10-12,10,0,8,17,22,2,33,17,0,0,1,1,6,2
2015-10-13,10,2,10,30,28,1,32,13,0,0,1,1,11,0
2015-10-14,16,1,15,25,21,0,24,26,1,2,1,1,8,1
2015-10-15,16,1,10,16,21,2,37,24,0,1,0,1,4,1
2015-10-16,7,0,14,19,19,2,37,15,1,0,2,0,12,0
2015-10-17,7,1,9,28,20,1,19,24,0,2,1,0,14,1
2015-10-18,8,1,8,17,23,0,26,31,1,0,3,2,2,1
2015-10-19,7,0,6,24,23,0,30,9,0,3,1,0,4,2
2015-10-20,11,0,16,27,21,1,37,23,0,0,2,3,12,3
2015-10-21,18,3,17,20,14,2,41,21,1,0,1,1,8,2
2015-10-22,10,0,10,25,21,2,34,21,1,0,3,1,12,4
2015-10-23,15,1,20,26,21,0,35,27,0,0,2,0,5,4
2015-10-24,13,1,7,17,14,1,39,23,0,1,1,0,10,1
2015-10-25,18,0,12,16,29,3,22,20,1,1,4,0,12,0
2015-10-26,10,0,12,21,21,1,31,28,0,0,3,1,9,0
2015-10-27,17,1,14,22,18,1,41,20,1,0,0,2,9,1
2015-10-28,9,1,13,23,21,0,34,24,1,2,4,0,9,0
2015-10-29,12,1,6,20,18,0,37,20,0,3,5,2,9,1
2015-10-30,17,0,21,31,23,1,24,31,3,1,1,2,9,1
2015-10-31,18,1,11,15,24,1,25,16,2,2,2,0,7,1
2015-11-01,20,0,15,23,26,0,24,21,3,1,0,1,10,2
2015-11-02,11,2,11,28,27,0,29,22,0,3,2,2,12,3
2015-11-03,8,1,12,26,24,2,28,22,0,1,4,1,11,2
2015-11-04,10,1,11,16,20,2,29,19,1,1,3,2,11,2
2015-11-05,13,1,12,26,24,1,33,26,1,2,4,1,8,2
2015-11-06,12,0,25,31,13,0,39,29,1,0,5,1,13,4
2015-11-07,4,1,11,13,28,2,27,23,0,0,4,0,6,0
2015-11-08,11,2,13,19,20,3,17,14,1,1,2,0,2,0
2015-11-09,12,1,8,19,17,1,38,18,0,1,2,0,9,1
2015-11-10,4,0,11,34,16,0,31,13,4,2,4,1,17,0
2015-11-11,12,1,16,24,17,0,20,18,0,1,0,3,11,4
2015-11-12,17,1,10,20,23,1,32,18,1,0,5,0,13,0
2015-11-13,8,0,11,19,15,0,38,11,2,1,5,1,5,1
2015-11-14,9,1,11,6,13,5,26,16,0,0,4,0,8,3
2015-11-15,19,1,16,23,23,1,17,27,0,0,2,3,9,6
2015-11-16,12,0,11,19,16,3,32,13,1,1,4,2,10,1
2015-11-17,6,2,16,32,13,0,27,23,0,0,4,3,15,1
2015-11-18,11,2,16,19,24,1,29,20,1,2,3,0,17,1
2015-11-19,9,1,13,25,19,1,43,33,1,0,1,3,10,0
2015-11-20,5,1,13,25,15,1,39,25,0,2,4,0,11,1
2015-11-21,18,0,11,27,20,1,30,26,2,2,2,2,15,6
2015-11-22,12,0,15,18,15,0,28,20,0,0,4,5,11,1
2015-11-23,7,0,6,23,19,0,29,19,1,1,0,0,7,2
2015-11-24,10,0,9,32,16,0,34,20,0,0,2,1,14,3
2015-11-25,10,0,9,26,17,0,23,19,0,2,2,0,13,2
2015-11-26,14,0,9,14,16,0,14,21,0,1,0,3,6,1
2015-11-27,14,0,14,21,22,0,23,23,1,2,5,3,6,0
2015-11-28,12,2,9,36,30,1,30,20,1,1,5,1,11,0
2015-11-29,10,0,17,19,19,1,14,13,0,0,1,2,12,2
2015-11-30,9,1,20,21,12,0,42,16,0,0,5,0,11,0
2015-12-01,11,0,9,23,15,1,34,17,5,1,2,2,9,0
2015-12-02,6,3,13,18,16,3,39,15,0,2,4,1,8,1
2015-12-03,5,0,10,17,15,1,33,17,1,0,3,4,9,1
2015-12-04,7,2,9,16,22,2,30,19,1,2,0,1,7,2
2015-12-05,5,0,9,16,12,1,27,12,0,2,3,3,3,0
2015-12-06,15,1,12,14,23,3,21,17,2,2,0,3,3,2
2015-12-07,11,0,6,24,18,0,30,12,0,1,2,1,10,1
2015-12-08,14,0,17,19,14,0,23,19,1,0,0,0,8,1
2015-12-09,16,0,10,24,17,1,34,21,1,2,2,1,7,3
2015-12-10,15,1,17,30,16,0,30,22,1,2,4,0,15,2
2015-12-11,18,1,11,28,28,1,24,12,2,2,2,2,14,6
2015-12-12,20,4,8,21,35,0,33,30,0,2,0,1,13,1
2015-12-13,15,1,16,16,21,1,21,20,2,0,3,1,8,1
2015-12-14,6,1,8,24,22,1,24,34,1,0,1,2,9,0
2015-12-15,9,0,8,60,13,1,32,19,0,0,5,4,10,0
2015-12-16,13,0,13,25,18,2,36,17,0,1,2,1,13,2
2015-12-17,6,1,11,27,16,1,23,15,1,1,1,0,11,1
2015-12-18,12,0,10,28,21,1,31,17,1,1,6,0,9,1
2015-12-19,18,0,9,23,21,0,22,13,0,0,3,0,9,6
2015-12-20,18,0,13,29,19,4,18,21,0,0,2,0,11,4
2015-12-21,6,0,10,17,29,0,37,21,0,6,7,0,12,1
2015-12-22,14,0,11,29,18,0,29,16,0,3,5,2,21,1
2015-12-23,10,1,9,30,14,1,26,15,2,0,6,2,12,0
2015-12-24,8,1,17,22,19,0,23,21,1,4,0,0,15,0
2015-12-25,6,0,10,24,24,0,12,13,0,2,3,1,10,1
2015-12-26,10,0,16,22,23,1,26,16,0,3,0,0,10,0
2015-12-27,16,0,8,19,18,1,23,16,1,2,3,1,20,6
2015-12-28,12,0,13,33,16,3,23,18,0,0,2,2,10,0
2015-12-29,13,0,8,20,21,1,20,31,0,0,0,0,8,1
2015-12-30,11,1,9,25,13,1,31,14,0,2,5,0,5,4
2015-12-31,7,2,6,24,14,1,24,12,1,0,2,0,6,0
2016-01-01,18,2,15,18,22,1,37,23,1,0,3,2,8,3
2016-01-02,14,0,8,6,20,0,34,10,1,0,7,1,9,1
2016-01-03,13,0,12,22,10,0,16,25,0,2,2,1,9,0
2016-01-04,5,0,19,24,10,0,25,17,0,2,3,3,6,0
2016-01-05,13,1,17,16,20,1,28,10,1,0,2,1,12,0
2016-01-06,8,0,14,25,19,0,24,13,2,3,2,1,7,0
2016-01-07,10,2,8,20,23,3,29,22,3,0,3,1,10,5
2016-01-08,10,1,13,30,25,0,39,14,1,2,3,0,18,3
2016-01-09,13,1,17,15,21,0,19,20,1,3,1,1,15,3
2016-01-10,10,0,14,16,21,1,16,17,0,3,1,7,8,4
2016-01-11,12,0,14,23,14,1,16,10,2,5,2,0,11,0
2016-01-12,8,1,13,24,23,1,28,26,3,0,2,1,11,1
2016-01-13,7,0,23,18,18,0,16,19,0,0,5,0,6,1
2016-01-14,15,0,15,25,15,0,32,16,0,0,4,0,12,2
2016-01-15,13,2,11,18,20,1,32,13,0,0,4,1,7,1
2016-01-16,19,2,13,18,22,0,24,18,0,0,1,1,2,1
2016-01-17,23,0,18,10,17,0,22,13,1,0,4,2,17,2
2016-01-18,3,1,18,18,14,1,15,18,0,1,2,2,10,2
2016-01-19,15,0,14,27,16,2,22,14,0,0,2,2,10,1
2016-01-20,6,0,10,21,15,0,20,12,3,0,2,1,8,0
2016-01-21,6,0,14,21,9,0,20,13,0,3,3,0,9,1
2016-01-22,7,0,14,26,9,0,19,13,0,0,1,2,8,1
2016-01-23,1,0,6,11,5,0,4,2,1,1,1,0,0,0
2016-01-24,3,0,6,11,10,0,5,6,0,0,1,0,2,0
2016-01-25,12,1,9,5,16,0,11,3,0,0,1,1,5,1
2016-01-26,8,0,9,8,16,1,12,8,1,0,2,0,9,1
2016-01-27,10,0,12,8,25,0,19,12,0,0,1,0,3,0
2016-01-28,12,0,14,12,12,0,22,12,0,2,0,2,8,0
2016-01-29,13,0,16,15,16,1,14,12,0,0,4,2,8,1
2016-01-30,8,0,6,17,12,0,28,13,0,2,0,4,3,0
2016-01-31,15,1,15,9,17,0,26,15,0,0,2,0,4,1
2016-02-01,9,1,4,14,19,1,23,15,3,0,3,2,14,2
2016-02-02,9,1,12,24,17,0,24,11,2,0,0,1,4,0
2016-02-03,13,0,13,20,23,1,18,5,0,1,0,0,10,1
2016-02-04,7,0,7,15,6,1,24,13,0,1,3,1,14,2
2016-02-05,6,0,17,18,23,2,18,7,0,1,1,1,6,0
2016-02-06,17,0,6,13,17,0,23,13,0,2,1,2,2,0
2016-02-07,6,0,14,15,19,0,15,17,0,1,2,0,14,1
2016-02-08,18,0,9,14,24,1,28,11,1,0,0,4,13,1
2016-02-09,5,1,9,28,12,0,17,6,1,0,1,3,7,1
2016-02-10,6,1,11,14,22,2,27,10,0,1,3,0,10,2
2016-02-11,7,0,7,20,13,1,16,6,0,0,1,0,5,0
2016-02-12,8,0,14,25,15,1,27,5,2,0,4,0,6,0
2016-02-13,8,0,15,12,11,0,22,10,2,0,3,1,4,0
2016-02-14,14,1,9,7,11,0,12,6,0,1,1,0,9,1
2016-02-15,6,0,4,12,13,1,18,4,0,1,1,0,5,1
2016-02-16,10,0,16,17,13,0,17,11,0,0,1,3,8,1
2016-02-17,15,1,12,20,16,1,13,13,0,2,3,4,4,1
2016-02-18,9,0,10,12,17,1,16,8,0,2,2,0,5,1
2016-02-19,10,2,13,18,17,1,23,18,2,1,1,1,14,4
2016-02-20,10,0,13,17,13,2,18,10,0,1,2,0,3,0
2016-02-21,7,0,12,12,24,3,19,14,0,1,0,1,6,0
2016-02-22,15,2,13,14,19,0,21,14,1,1,0,0,6,4
2016-02-23,8,3,7,22,15,1,20,16,1,0,2,0,4,0
2016-02-24,7,0,9,20,23,0,21,9,3,1,2,1,5,0
2016-02-25,11,0,6,21,11,1,26,8,1,1,3,0,10,3
2016-02-26,12,0,8,31,9,1,33,15,0,3,2,1,3,1
2016-02-27,14,0,8,5,9,0,20,6,0,0,2,2,1,4
2016-02-28,10,0,11,12,27,0,15,19,2,0,1,1,10,1
2016-02-29,11,1,5,27,22,2,22,18,0,1,2,0,6,1
2016-03-01,15,0,10,22,15,0,36,10,3,0,0,1,8,1
2016-03-02,3,1,11,13,14,0,23,6,2,0,2,3,5,0
2016-03-03,14,0,7,13,20,1,28,9,1,0,3,2,2,0
2016-03-04,11,0,10,21,15,0,25,16,2,1,4,3,3,1
2016-03-05,16,0,12,9,19,0,28,12,3,0,0,1,7,3
2016-03-06,12,1,13,9,22,1,22,13,0,1,1,1,5,1
2016-03-07,20,0,16,20,21,0,34,22,0,1,2,2,7,5
2016-03-08,15,1,12,11,18,0,31,13,1,0,0,1,7,2
2016-03-09,8,0,13,13,20,0,28,15,0,1,0,1,3,0
2016-03-10,15,2,5,13,35,1,31,12,0,1,1,1,8,1
2016-03-11,20,0,12,18,20,0,32,13,1,3,0,1,4,2
2016-03-12,22,1,18,17,18,1,23,17,0,1,2,2,11,1
2016-03-13,10,0,13,4,13,1,16,12,0,1,5,1,6,1
2016-03-14,9,1,13,19,15,0,20,12,2,0,3,2,8,0
2016-03-15,12,0,8,13,23,1,30,16,0,0,3,3,9,1
2016-03-16,15,1,17,21,19,1,25,19,0,0,4,0,13,3
2016-03-17,24,0,12,22,16,1,37,11,0,0,0,0,10,2
2016-03-18,20,1,15,17,18,1,24,10,2,1,0,1,10,2
2016-03-19,7,0,9,20,14,1,18,13,0,0,1,1,9,3
2016-03-20,14,1,10,14,10,1,15,11,0,1,2,1,7,2
2016-03-21,17,0,17,21,22,0,26,10,0,1,7,0,8,0
2016-03-22,10,1,9,24,27,2,37,12,0,0,3,0,11,0
2016-03-23,13,0,13,19,23,0,34,13,0,0,1,1,16,0
2016-03-24,13,0,23,20,22,1,29,12,0,0,1,1,7,1
2016-03-25,23,0,15,15,16,0,25,16,1,0,3,4,9,6
2016-03-26,15,1,11,14,24,0,31,16,5,1,3,2,10,1
2016-03-27,11,1,17,15,21,1,21,16,0,0,2,2,3,1
2016-03-28,13,1,6,12,14,0,30,11,0,0,4,3,6,3
2016-03-29,11,1,9,19,14,1,33,16,0,2,0,2,7,2
2016-03-30,12,2,13,14,18,1,26,25,2,1,6,0,13,1
2016-03-31,8,0,6,14,15,1,23,17,0,1,1,1,7,2
2016-04-01,20,0,10,12,18,0,42,18,1,0,0,1,8,0
2016-04-02,20,0,13,14,29,0,28,16,0,4,1,1,8,1
2016-04-03,7,0,10,11,15,1,18,22,0,1,0,1,10,1
2016-04-04,11,1,8,12,18,0,33,15,1,1,2,0,5,0
2016-04-05,12,0,16,17,13,0,25,13,0,1,1,0,8,1
2016-04-06,25,1,13,26,17,1,26,17,0,3,1,2,6,1
2016-04-07,13,1,14,25,16,1,23,18,0,2,0,1,5,1
2016-04-08,9,0,13,12,24,3,26,25,2,1,2,2,8,0
2016-04-09,8,1,8,14,24,0,28,19,0,1,0,1,9,4
2016-04-10,13,1,9,17,15,0,21,9,1,3,2,3,9,3
2016-04-11,16,0,18,14,32,2,34,16,2,1,2,0,9,1
2016-04-12,8,2,14,17,17,2,32,17,0,3,1,0,10,1
2016-04-13,17,1,13,20,15,0,38,18,1,1,2,1,7,0
2016-04-14,14,0,12,24,14,0,40,19,0,0,2,1,6,1
2016-04-15,12,1,13,14,28,0,20,23,3,1,3,0,15,1
2016-04-16,23,1,11,19,23,1,29,22,3,3,0,2,12,2
2016-04-17,18,2,9,9,26,1,17,19,1,2,1,1,6,2
2016-04-18,22,0,12,17,25,1,30,19,2,1,4,1,13,2
2016-04-19,23,1,11,15,12,2,44,17,0,0,1,2,9,3
2016-04-20,11,1,13,23,24,0,37,25,0,0,3,0,16,1
2016-04-21,9,3,13,25,18,0,33,15,1,2,4,1,8,4
2016-04-22,15,1,12,18,25,1,39,23,1,3,2,0,10,0
2016-04-23,11,1,12,13,25,0,26,17,0,2,3,0,13,1
2016-04-24,15,2,13,12,17,2,28,28,2,3,4,1,10,6
2016-04-25,11,0,11,20,14,3,44,19,3,3,3,1,12,1
2016-04-26,21,2,8,31,15,3,31,13,0,4,4,0,17,4
2016-04-27,12,2,8,21,16,1,33,16,0,1,2,2,10,0
2016-04-28,10,1,14,28,11,3,28,12,1,1,2,4,10,1
2016-04-29,17,0,8,18,19,0,37,9,0,4,5,0,11,0
2016-04-30,5,0,10,14,16,0,25,15,3,0,1,1,12,0
2016-05-01,6,0,14,14,20,0,40,15,0,2,1,1,5,1
2016-05-02,14,2,14,17,19,1,46,15,0,0,5,1,8,4
2016-05-03,30,0,14,11,15,1,38,16,0,1,2,1,8,2
2016-05-04,18,0,15,14,15,1,33,17,0,2,2,4,8,0
2016-05-05,13,1,14,24,15,0,33,11,1,0,3,0,14,0
2016-05-06,27,0,9,23,15,1,42,13,0,1,3,1,7,3
2016-05-07,15,1,11,21,16,1,23,12,1,1,2,2,6,4
2016-05-08,14,1,12,18,18,1,24,19,0,2,2,0,10,1
2016-05-09,11,0,14,20,18,0,40,25,0,3,0,2,19,3
2016-05-10,19,0,9,18,17,1,36,11,0,4,2,0,20,3
2016-05-11,8,0,12,30,16,0,23,20,1,1,4,1,14,2
2016-05-12,18,1,15,24,22,1,44,24,2,0,6,2,6,2
2016-05-13,15,0,14,26,15,0,39,14,1,1,1,1,8,2
2016-05-14,13,0,8,17,24,0,25,13,0,0,2,0,11,5
2016-05-15,17,2,9,16,23,0,40,15,2,0,1,1,11,3
2016-05-16,15,2,8,17,15,0,34,17,1,2,3,4,7,5
2016-05-17,13,0,4,29,22,1,31,16,0,0,3,4,15,2
2016-05-18,12,0,8,14,13,0,36,16,2,0,3,2,15,8
2016-05-19,9,1,7,20,18,0,34,25,0,1,3,0,7,4
2016-05-20,10,0,10,20,34,1,35,19,2,3,2,1,12,3
2016-05-21,12,1,9,16,28,0,23,23,0,0,2,2,9,4
2016-05-22,16,1,19,10,20,0,13,20,4,0,2,0,11,0
2016-05-23,11,1,10,20,12,3,21,18,1,0,1,3,19,3
2016-05-24,15,3,14,19,29,0,31,16,0,2,3,1,15,6
2016-05-25,12,0,13,23,25,5,30,26,1,1,4,2,9,1
2016-05-26,8,1,15,21,34,4,36,14,1,1,4,2,15,0
2016-05-27,15,0,11,20,22,2,47,19,1,0,3,1,13,3
2016-05-28,29,1,16,8,23,1,34,17,2,0,2,5,19,4
2016-05-29,18,1,12,15,18,0,23,13,1,0,0,0,6,1
2016-05-30,19,4,20,11,24,0,26,37,0,2,2,2,14,6
2016-05-31,27,3,7,16,17,1,34,13,0,1,1,1,8,1
2016-06-01,13,1,5,17,18,0,40,14,0,1,5,2,16,2
2016-06-02,18,1,9,23,14,0,33,8,0,1,4,4,13,3
2016-06-03,11,1,15,19,22,2,31,19,2,0,2,1,12,0
2016-06-04,18,0,9,26,41,1,23,18,2,0,3,2,7,2
2016-06-05,12,2,13,146,26,0,20,21,1,0,2,1,9,2
2016-06-06,14,1,18,29,24,2,31,25,1,1,8,3,12,2
2016-06-07,18,0,21,19,15,0,28,16,0,3,2,0,5,4
2016-06-08,23,0,8,32,19,2,39,19,1,0,5,0,11,5
2016-06-09,15,1,9,23,26,2,29,24,1,0,3,2,5,0
2016-06-10,22,1,13,29,23,2,25,24,3,1,1,1,14,5
2016-06-11,31,1,8,18,19,2,26,20,2,0,5,6,16,3
2016-06-12,13,1,15,14,27,0,36,17,0,1,0,0,4,1
2016-06-13,24,0,14,28,22,1,36,23,0,4,5,3,10,2
2016-06-14,6,0,23,30,15,1,34,13,0,1,4,0,5,0
2016-06-15,19,2,17,20,24,0,46,19,0,3,1,0,8,2
2016-06-16,13,1,12,21,25,0,25,19,0,0,3,1,4,1
2016-06-17,12,0,12,18,24,0,29,22,1,0,1,0,9,0
2016-06-18,16,1,10,21,29,0,27,24,3,0,2,0,5,3
2016-06-19,19,1,7,20,28,0,21,30,0,1,3,0,11,2
2016-06-20,13,3,18,29,26,0,31,39,0,1,1,2,17,6
2016-06-21,11,3,9,21,25,1,33,19,1,0,3,1,12,4
2016-06-22,16,1,12,26,23,2,24,25,0,2,2,2,12,3
2016-06-23,22,1,13,14,18,1,31,31,0,2,3,0,15,5
2016-06-24,21,0,8,21,20,1,22,17,0,3,2,2,11,3
2016-06-25,14,1,21,21,26,1,34,23,1,0,1,1,6,1
2016-06-26,15,1,8,22,19,2,37,17,0,0,3,1,7,1
2016-06-27,8,2,11,15,29,0,27,13,1,1,1,1,11,2
2016-06-28,20,2,11,17,17,3,32,21,1,0,2,1,6,6
2016-06-29,8,3,18,25,21,0,30,25,1,0,1,3,8,1
2016-06-30,15,1,9,10,20,1,27,17,0,1,1,2,7,1
2016-07-01,14,0,6,27,24,1,36,24,3,1,1,5,5,0
2016-07-02,10,1,11,11,16,0,21,24,0,0,2,2,7,3
2016-07-03,12,1,19,18,19,1,36,14,0,0,4,0,13,1
2016-07-04,12,0,12,14,16,0,19,15,1,2,2,1,8,1
2016-07-05,24,0,9,17,19,2,27,29,4,0,2,2,14,2
2016-07-06,22,0,6,17,15,2,34,18,0,0,3,2,14,6
2016-07-07,19,2,11,25,17,0,29,16,0,3,2,1,11,2
2016-07-08,9,0,11,28,11,2,28,14,0,0,3,0,13,0
2016-07-09,5,1,8,17,12,0,28,13,0,2,1,1,15,2
2016-07-10,12,0,9,18,19,3,26,27,0,2,1,2,7,2
2016-07-11,23,0,14,25,18,2,36,17,3,1,3,2,14,6
2016-07-12,11,5,7,20,20,1,27,18,1,1,2,0,16,1
2016-07-13,12,2,10,18,21,1,34,18,0,1,1,1,10,2
2016-07-14,17,3,12,21,27,2,30,9,1,2,1,1,9,2
2016-07-15,7,0,5,36,12,0,25,28,1,2,4,0,10,0
2016-07-16,13,0,16,19,16,2,36,8,1,1,3,0,11,2
2016-07-17,19,3,14,15,25,0,18,21,0,4,4,1,11,2
2016-07-18,13,0,10,23,24,2,24,9,0,0,3,3,9,2
2016-07-19,16,0,20,25,12,3,23,22,0,3,3,0,10,4
2016-07-20,26,0,11,25,17,0,36,23,0,3,1,1,15,4
2016-07-21,11,1,15,22,17,1,29,22,2,1,6,0,10,2
2016-07-22,24,0,8,27,17,0,23,20,1,1,0,1,15,1
2016-07-23,11,1,19,17,19,2,17,10,1,0,3,1,8,1
2016-07-24,19,0,16,16,13,2,19,13,0,1,2,4,14,5
2016-07-25,17,2,12,20,21,2,32,18,0,2,3,2,12,5
2016-07-26,17,0,18,22,18,1,30,15,0,3,1,2,11,0
2016-07-27,15,0,18,29,14,0,16,23,4,2,2,3,3,2
2016-07-28,13,1,18,18,21,3,26,27,1,0,1,1,8,4
2016-07-29,6,0,15,24,12,1,46,18,0,0,1,1,6,0
2016-07-30,17,0,9,16,22,0,33,9,1,2,4,2,9,1
2016-07-31,5,0,11,12,27,0,36,21,1,1,0,0,13,1
2016-08-01,17,0,13,19,20,0,38,20,0,1,0,1,14,3
2016-08-02,22,0,17,19,12,0,31,27,2,2,0,1,12,6
2016-08-03,13,2,10,13,15,1,40,19,0,1,3,3,9,4
2016-08-04,13,1,11,11,13,1,32,29,2,0,4,1,10,2
2016-08-05,11,0,12,21,25,1,39,16,1,0,0,2,15,4
2016-08-06,15,1,19,13,17,0,31,17,1,1,3,1,8,1
2016-08-07,15,2,11,17,18,1,27,30,2,2,0,1,22,1
2016-08-08,17,0,12,20,22,0,36,15,1,1,3,5,13,3
2016-08-09,13,1,11,13,24,0,28,20,0,1,0,0,14,1
2016-08-10,17,0,19,24,14,4,32,17,1,1,1,5,11,1
2016-08-11,9,0,8,13,25,0,27,13,1,1,4,6,17,1
2016-08-12,13,0,8,24,28,1,35,15,0,2,2,1,8,1
2016-08-13,22,1,10,23,32,2,28,16,0,1,4,0,18,3
2016-08-14,17,0,3,13,21,0,23,17,1,1,2,0,8,3
2016-08-15,11,1,24,18,20,0,23,18,1,0,5,1,10,3
2016-08-16,16,0,12,20,19,1,28,22,0,0,3,3,10,1
2016-08-17,10,0,8,21,23,2,41,13,1,1,1,0,8,3
2016-08-18,19,0,11,23,21,0,36,16,0,0,1,0,15,0
2016-08-19,15,1,10,23,19,2,35,19,2,1,0,8,10,1
2016-08-20,6,0,10,14,29,1,32,18,2,2,2,1,21,0
2016-08-21,12,1,12,13,32,0,20,11,1,0,2,3,12,1
2016-08-22,16,0,11,28,22,2,27,22,1,2,3,3,10,5
2016-08-23,12,0,18,20,19,1,28,24,1,0,3,0,5,2
2016-08-24,9,2,17,25,9,2,29,20,0,0,0,0,17,1
2016-08-25,12,0,17,15,13,0,33,30,1,1,3,1,7,1
2016-08-26,15,0,14,22,22,2,24,28,1,0,2,7,8,0
2016-08-27,28,1,9,21,13,3,22,26,0,2,2,4,11,2
2016-08-28,25,1,8,16,29,0,26,22,0,1,5,4,16,0
2016-08-29,6,1,13,23,26,0,30,19,2,1,6,0,13,2
2016-08-30,10,0,19,26,28,0,30,12,1,1,1,0,12,1
2016-08-31,29,0,12,14,24,0,24,16,0,1,0,1,12,4
2016-09-01,16,0,11,31,26,0,58,11,2,1,0,3,9,2
2016-09-02,18,1,15,18,23,2,30,8,1,0,1,2,11,4
2016-09-03,21,1,15,17,32,0,24,8,0,0,2,2,4,3
2016-09-04,14,1,21,20,23,1,19,18,2,1,2,2,9,3
2016-09-05,16,0,7,12,30,1,20,21,0,5,0,0,13,6
2016-09-06,17,1,16,14,21,1,35,17,1,2,2,0,16,0
2016-09-07,20,0,15,19,20,5,37,21,0,3,7,1,9,3
2016-09-08,16,0,9,21,22,3,35,16,0,0,0,2,5,2
2016-09-09,14,1,11,24,25,1,36,23,0,1,4,2,9,0
2016-09-10,11,2,13,27,26,0,30,22,0,0,4,2,11,1
2016-09-11,26,0,16,19,34,0,41,18,1,1,3,1,19,1
2016-09-12,17,1,17,34,25,0,32,18,1,1,3,0,10,2
2016-09-13,25,0,9,21,25,0,35,21,0,1,2,0,9,2
2016-09-14,14,1,10,17,17,1,40,16,1,0,1,3,10,2
2016-09-15,10,1,11,24,34,2,40,15,0,1,2,0,15,0
2016-09-16,13,1,10,30,28,3,20,26,0,0,2,1,8,4
2016-09-17,19,2,8,18,29,0,29,21,2,4,1,0,8,2
2016-09-18,16,1,20,18,23,2,26,15,0,1,3,2,15,3
2016-09-19,10,1,16,19,11,1,39,18,3,1,0,0,17,0
2016-09-20,8,0,9,32,24,0,34,27,1,1,5,0,7,1
2016-09-21,11,1,11,21,27,2,33,23,1,2,2,1,8,0
2016-09-22,19,1,8,36,32,0,30,25,0,2,6,0,23,4
2016-09-23,18,1,22,26,22,1,26,21,3,1,2,1,19,2
2016-09-24,35,0,15,22,26,1,30,31,1,1,1,4,10,11
2016-09-25,30,0,9,24,21,2,27,26,1,1,1,1,8,5
2016-09-26,13,1,11,20,20,0,24,22,0,0,4,0,10,0
2016-09-27,18,3,13,26,21,1,32,23,0,2,3,1,10,3
2016-09-28,13,1,17,20,15,0,35,27,0,0,3,1,7,1
2016-09-29,5,3,15,31,18,0,28,18,0,0,5,1,7,0
2016-09-30,17,0,12,21,23,0,43,24,0,2,2,4,19,2
2016-10-01,12,1,18,23,19,0,39,21,3,0,3,1,7,0
2016-10-02,12,1,13,14,25,2,33,21,0,2,2,2,17,2
2016-10-03,13,1,20,12,21,2,31,15,1,1,1,1,12,2
2016-10-04,12,1,7,33,21,2,32,12,0,2,2,0,17,1
2016-10-05,15,1,14,23,29,0,38,12,1,1,2,0,15,3
2016-10-06,7,3,6,19,27,1,29,19,0,2,0,4,6,3
2016-10-07,13,1,14,24,33,0,30,22,2,1,1,3,25,2
2016-10-08,21,2,15,23,29,0,20,24,3,0,3,0,7,0
2016-10-09,15,3,18,16,26,1,21,25,2,1,4,3,9,5
2016-10-10,15,4,19,26,17,3,32,21,1,1,0,2,10,1
2016-10-11,16,0,11,27,26,2,32,16,1,1,3,2,13,3
2016-10-12,14,0,11,27,28,2,34,11,2,1,3,1,11,1
2016-10-13,14,2,15,26,19,1,30,24,1,2,1,1,10,2
2016-10-14,14,1,15,32,23,0,34,16,1,1,4,0,14,1
2016-10-15,28,1,21,17,26,1,32,14,1,2,1,6,10,3
2016-10-16,8,0,14,19,24,2,29,27,0,4,3,1,10,2
2016-10-17,21,0,22,32,19,0,33,24,0,2,1,1,25,3
2016-10-18,14,1,12,14,28,1,37,25,1,0,3,4,7,3
2016-10-19,8,0,22,25,24,1,37,51,0,0,4,0,17,0
2016-10-20,16,1,15,31,23,0,43,20,2,1,2,0,21,2
2016-10-21,16,2,17,23,21,1,35,24,1,0,4,2,12,2
2016-10-22,13,0,16,21,21,1,23,19,1,1,1,1,12,0
2016-10-23,15,1,18,13,27,0,25,31,0,3,1,0,16,1
2016-10-24,14,0,19,29,29,3,28,19,1,0,2,1,14,2
2016-10-25,16,0,16,34,30,0,33,31,0,0,5,1,12,1
2016-10-26,16,0,14,20,17,1,29,27,1,3,2,1,10,2
2016-10-27,12,1,14,29,22,0,29,29,1,1,1,2,10,1
2016-10-28,17,1,24,24,21,1,30,26,1,0,4,3,12,1
2016-10-29,17,1,11,18,22,1,25,21,3,0,2,3,13,1
2016-10-30,15,0,23,21,23,1,34,26,1,4,3,3,15,2
2016-10-31,12,0,16,25,25,0,38,32,2,8,5,6,27,0
2016-11-01,16,3,21,25,36,0,32,28,4,0,1,2,14,4
2016-11-02,14,0,15,28,18,0,35,17,0,3,2,1,22,1
2016-11-03,14,0,18,15,29,0,30,25,1,1,3,2,13,1
2016-11-04,16,1,13,34,27,1,43,13,1,0,6,4,11,0
2016-11-05,15,1,11,19,30,1,21,19,0,3,2,0,21,3
2016-11-06,7,0,11,23,24,0,38,22,1,4,1,2,20,2
2016-11-07,7,0,12,15,19,1,32,25,0,1,3,2,21,2
2016-11-08,20,1,11,24,13,1,32,14,0,0,2,1,5,3
2016-11-09,11,2,15,29,18,2,28,14,0,0,4,2,9,2
2016-11-10,6,1,16,33,13,0,32,20,0,2,1,2,14,0
2016-11-11,25,0,10,22,26,2,35,16,0,3,1,2,10,2
2016-11-12,10,0,7,18,26,0,22,25,0,2,5,0,14,0
2016-11-13,13,0,13,15,20,0,17,31,0,2,0,0,6,3
2016-11-14,13,0,16,19,18,0,30,22,2,0,4,0,7,0
2016-11-15,17,0,14,19,14,3,33,29,1,2,1,1,13,3
2016-11-16,22,0,18,20,26,0,29,17,0,3,7,1,17,0
2016-11-17,21,0,13,37,36,2,26,18,1,4,4,4,10,0
2016-11-18,12,2,14,37,29,1,31,24,1,4,3,0,7,0
2016-11-19,14,1,17,15,26,3,19,12,0,3,6,0,12,2
2016-11-20,14,1,15,11,17,2,18,18,2,0,2,1,12,1
2016-11-21,12,3,15,17,17,1,30,23,0,7,4,0,6,2
2016-11-22,13,2,11,20,29,1,30,30,1,3,3,0,16,1
2016-11-23,8,0,8,32,18,3,27,32,0,2,4,0,12,1
2016-11-24,17,0,8,14,23,0,19,15,1,1,2,0,12,0
2016-11-25,17,1,11,21,21,1,20,15,1,1,3,2,15,4
2016-11-26,14,1,12,18,17,0,23,16,0,3,1,3,7,2
2016-11-27,13,1,17,24,14,0,24,16,1,0,1,1,17,2
2016-11-28,16,4,13,27,19,0,40,37,2,3,8,2,16,0
2016-11-29,17,0,18,19,19,1,39,27,0,1,4,2,20,0
2016-11-30,12,0,13,24,18,4,28,17,1,2,5,0,12,5
2016-12-01,16,0,11,27,34,0,45,16,0,1,1,3,15,1
2016-12-02,14,1,12,17,26,2,27,23,0,2,6,1,21,1
2016-12-03,14,0,13,20,20,0,32,15,2,0,5,1,7,4
2016-12-04,10,0,4,17,27,3,28,14,0,0,5,5,17,0
2016-12-05,17,0,14,25,26,1,32,19,3,0,0,2,9,2
2016-12-06,6,0,6,20,35,0,28,16,1,0,4,1,5,1
2016-12-07,11,1,11,25,14,0,32,26,1,0,3,0,15,1
2016-12-08,30,1,11,32,13,0,36,18,0,4,2,1,8,0
2016-12-09,8,1,9,23,22,1,25,16,0,0,3,4,1,0
2016-12-10,6,2,12,20,22,2,26,13,2,0,4,1,13,0
2016-12-11,27,0,5,17,21,0,29,16,0,0,3,4,6,8
2016-12-12,7,1,11,27,14,0,27,14,0,0,8,4,11,0
2016-12-13,20,0,20,20,22,2,39,22,1,0,2,0,19,2
2016-12-14,12,0,12,21,23,1,39,13,0,1,1,0,8,0
2016-12-15,11,0,7,20,19,2,40,12,0,0,1,1,8,4
2016-12-16,6,0,14,17,22,2,29,17,0,0,2,0,9,1
2016-12-17,9,0,8,22,22,0,15,8,0,0,0,1,5,0
2016-12-18,20,0,13,24,20,0,22,15,0,2,1,0,8,4
2016-12-19,19,2,11,26,12,3,30,12,0,2,6,2,14,1
2016-12-20,21,1,25,31,23,2,30,23,0,1,1,0,12,9
2016-12-21,9,0,14,18,24,0,33,26,0,1,3,6,8,0
2016-12-22,13,0,19,29,26,2,29,19,3,0,4,2,11,0
2016-12-23,13,0,10,31,22,1,33,20,0,3,5,6,11,2
2016-12-24,19,2,12,15,20,0,20,20,1,2,3,0,6,1
2016-12-25,10,1,9,15,24,2,16,21,0,1,2,9,6,2
2016-12-26,10,1,15,21,22,0,17,9,0,1,5,4,10,0
2016-12-27,18,0,15,13,28,0,28,23,2,0,5,0,8,3
2016-12-28,19,0,17,23,26,1,33,17,2,1,2,2,14,4
2016-12-29,3,1,20,23,27,0,25,13,1,0,4,1,8,1
2016-12-30,8,1,19,23,21,0,19,9,0,0,1,1,10,0
2016-12-31,17,0,7,17,16,1,26,12,0,2,7,2,16,2
2017-01-01,26,0,11,19,29,2,31,12,6,3,0,0,14,2
2017-01-02,12,0,20,24,20,0,27,19,1,1,4,3,13,1
2017-01-03,12,2,13,27,13,1,29,20,1,0,1,0,9,2
2017-01-04,16,1,19,27,24,2,34,13,0,2,5,1,5,0
2017-01-05,9,0,15,27,32,0,28,18,1,2,3,1,11,1
2017-01-06,10,2,20,31,23,0,26,13,0,4,0,0,4,1
2017-01-07,13,2,13,11,16,1,32,14,1,1,4,1,9,0
2017-01-08,15,0,9,15,14,0,16,10,1,2,4,1,6,6
2017-01-09,13,0,19,23,16,1,17,14,1,3,6,1,6,1
2017-01-10,16,1,22,28,20,2,28,19,2,5,7,1,16,2
2017-01-11,13,2,31,30,19,0,29,17,1,1,4,3,13,0
2017-01-12,23,1,28,17,27,2,33,26,1,0,1,1,10,2
2017-01-13,22,0,12,30,28,1,24,16,3,1,2,2,9,4
2017-01-14,10,0,19,16,17,0,13,16,0,1,2,1,14,1
2017-01-15,15,0,14,22,22,2,20,9,0,2,3,1,18,2
2017-01-16,15,1,15,21,18,0,25,21,2,2,7,1,11,0
2017-01-17,23,0,16,26,17,0,25,30,1,2,11,2,16,2
2017-01-18,7,0,9,24,13,0,34,26,0,0,2,1,17,1
2017-01-19,21,0,12,19,18,2,32,25,0,2,2,2,14,4
2017-01-20,22,1,21,26,24,2,47,31,1,3,3,1,19,4
2017-01-21,18,1,17,24,24,0,22,17,1,4,9,1,16,3
2017-01-22,9,0,12,14,26,2,18,17,0,0,2,2,11,1
2017-01-23,18,0,12,24,29,2,21,17,0,1,4,3,18,3
2017-01-24,14,0,13,23,14,2,30,26,0,1,1,1,12,1
2017-01-25,21,2,13,31,24,2,30,18,0,1,6,1,14,3
2017-01-26,17,1,15,36,25,2,23,21,1,3,1,2,12,1
2017-01-27,22,0,15,28,20,1,30,23,0,6,2,1,8,6
2017-01-28,24,0,20,28,29,2,25,26,0,3,1,2,11,5
2017-01-29,21,0,16,17,15,1,34,20,0,2,3,0,16,5
2017-01-30,11,0,15,29,20,0,28,17,1,4,4,1,13,1
2017-01-31,18,1,13,19,20,0,30,26,1,2,3,2,7,3
2017-02-01,15,2,12,21,22,2,32,15,0,1,6,1,10,1
2017-02-02,18,1,22,24,22,2,27,20,3,1,5,1,12,1
2017-02-03,22,0,16,25,15,2,36,20,0,2,4,2,8,3
2017-02-04,23,2,13,16,31,0,21,13,2,4,3,1,12,1
2017-02-05,13,3,7,12,24,1,21,22,0,0,3,0,12,0
2017-02-06,15,1,10,17,32,1,22,18,1,2,2,1,10,2
2017-02-07,10,0,12,22,21,0,30,17,0,2,1,1,7,1
2017-02-08,18,1,12,13,16,2,25,14,1,0,3,4,11,4
2017-02-09,9,0,17,23,20,1,31,16,1,3,4,4,9,2
2017-02-10,14,0,14,19,28,0,34,14,0,0,6,1,16,1
2017-02-11,18,0,10,14,21,0,32,18,2,1,2,2,15,2
2017-02-12,15,0,12,13,24,1,18,20,1,2,1,1,17,2
2017-02-13,13,0,8,20,20,1,30,16,1,2,1,3,11,2
2017-02-14,18,1,21,17,24,0,28,12,1,3,3,1,20,0
2017-02-15,12,1,9,25,29,0,26,13,1,0,4,2,18,2
2017-02-16,13,0,10,25,25,1,24,14,0,2,6,0,10,0
2017-02-17,9,1,13,25,25,0,32,21,0,1,7,2,6,2
2017-02-18,31,0,14,12,28,1,30,23,1,0,1,1,10,3
2017-02-19,9,0,12,19,20,0,14,12,0,1,5,4,11,2
2017-02-20,9,2,13,12,27,0,26,12,0,0,2,1,8,0
2017-02-21,11,0,13,30,32,1,32,19,2,1,4,1,9,1
2017-02-22,13,1,10,28,27,1,27,10,0,0,3,2,4,3
2017-02-23,19,1,11,19,34,1,30,16,0,0,1,1,8,8
2017-02-24,10,0,16,19,26,0,31,17,5,0,3,0,7,0
2017-02-25,19,1,12,23,23,0,24,18,0,2,2,0,6,1
2017-02-26,14,0,6,10,28,1,15,14,0,5,1,3,2,1
2017-02-27,12,2,7,14,28,2,22,17,0,0,0,0,12,0
2017-02-28,9,0,2,21,18,1,23,15,1,1,5,1,7,0
2017-03-01,19,0,13,33,21,0,34,11,1,3,3,0,7,3
2017-03-02,14,0,10,16,17,0,26,12,1,0,0,2,9,2
2017-03-03,8,1,11,19,30,0,28,17,1,2,3,2,7,0
2017-03-04,17,0,9,9,21,0,25,12,0,1,1,0,5,0
2017-03-05,13,0,12,8,22,0,20,7,0,0,2,0,8,2
2017-03-06,9,2,9,19,19,0,25,14,0,1,3,2,10,0
2017-03-07,15,1,3,17,27,0,21,9,3,1,6,2,19,0
2017-03-08,15,3,18,12,28,3,26,13,0,1,3,2,9,1
2017-03-09,10,0,12,19,21,2,22,14,1,1,2,3,3,0
2017-03-10,13,1,5,17,25,0,28,7,0,0,3,1,12,1
2017-03-11,15,0,11,17,27,1,27,16,1,1,1,1,8,1
2017-03-12,11,0,11,11,24,0,14,6,0,3,5,1,5,0
2017-03-13,13,1,7,19,17,1,19,12,3,5,2,0,10,2
2017-03-14,3,0,6,8,20,2,16,5,1,1,1,4,7,0
2017-03-15,12,0,4,11,18,1,18,7,1,1,5,0,5,1
2017-03-16,13,2,9,22,32,1,21,11,1,0,3,1,2,2
2017-03-17,11,0,12,23,25,3,32,13,0,2,4,1,6,3
2017-03-18,23,2,6,12,25,2,27,28,3,1,5,5,7,1
2017-03-19,14,0,6,6,26,1,23,14,0,1,5,0,8,1
2017-03-20,15,1,7,14,23,0,31,14,0,1,1,0,13,1
2017-03-21,25,1,14,21,30,0,27,15,3,1,4,2,7,0
2017-03-22,9,1,13,36,22,1,35,7,0,0,4,1,5,2
2017-03-23,17,0,11,26,32,0,26,13,1,1,4,1,6,0
2017-03-24,15,3,13,28,26,1,22,23,1,1,3,0,14,0
2017-03-25,17,0,14,12,33,0,26,11,0,2,2,2,7,1
2017-03-26,13,0,10,11,42,1,24,17,1,0,2,1,10,1
2017-03-27,24,0,11,34,27,1,25,14,0,1,2,1,9,3
2017-03-28,15,0,9,20,22,1,25,14,1,0,3,0,7,1
2017-03-29,14,0,10,23,28,2,21,21,1,2,2,2,7,3
2017-03-30,10,0,13,16,18,1,34,15,1,2,3,1,11,1
2017-03-31,10,0,10,20,20,0,32,13,0,2,2,0,5,2
2017-04-01,21,1,8,24,28,0,38,17,2,0,3,0,12,3
2017-04-02,11,1,2,13,22,0,22,17,2,2,1,1,7,1
2017-04-03,21,0,9,27,41,1,25,18,1,0,1,0,10,2
2017-04-04,18,1,14,13,25,1,33,13,0,3,1,1,10,0
2017-04-05,13,0,10,26,29,0,24,13,1,2,1,0,11,2
2017-04-06,12,1,12,13,23,0,25,10,2,3,3,1,9,1
2017-04-07,19,0,12,27,17,0,26,13,1,0,2,3,8,0
2017-04-08,22,1,13,16,32,2,26,11,1,2,1,0,4,4
2017-04-09,16,0,14,12,32,2,22,23,0,1,0,3,11,2
2017-04-10,30,1,16,25,21,1,29,19,0,1,5,0,13,2
2017-04-11,25,0,11,27,15,1,23,19,1,0,4,2,7,3
2017-04-12,18,0,11,23,19,0,33,13,1,0,1,0,9,3
2017-04-13,13,2,17,18,20,1,28,10,1,0,2,1,7,1
2017-04-14,12,0,17,21,30,2,23,20,1,2,7,1,9,1
2017-04-15,23,3,8,26,45,1,22,16,2,0,3,2,11,3
2017-04-16,26,0,12,12,32,2,20,16,2,0,1,1,13,4
2017-04-17,22,0,8,23,25,1,22,17,1,1,0,1,6,2
2017-04-18,16,0,7,13,22,1,28,10,1,0,2,1,4,1
2017-04-19,20,2,8,17,37,0,27,12,0,0,3,1,9,3
2017-04-20,21,0,9,28,35,1,35,15,2,0,1,0,8,2
2017-04-21,18,1,13,24,38,1,21,19,1,3,6,2,16,0
2017-04-22,18,0,14,24,27,0,30,16,2,1,2,2,9,5
2017-04-23,24,3,18,15,21,1,29,18,0,5,1,2,13,2
2017-04-24,17,6,7,22,24,3,28,12,3,0,1,0,7,0
2017-04-25,17,1,11,37,19,0,23,11,2,3,2,1,12,0
2017-04-26,22,1,11,25,26,0,27,6,0,2,2,1,14,1
2017-04-27,18,0,15,18,35,0,28,16,1,0,1,2,7,1
2017-04-28,16,0,17,30,23,2,36,18,2,2,3,1,5,0
2017-04-29,18,2,11,22,20,3,22,5,0,4,2,1,9,3
2017-04-30,13,2,8,23,32,2,32,16,2,2,2,1,9,0
2017-05-01,12,1,13,20,25,0,35,17,2,1,0,0,9,1
2017-05-02,21,1,11,25,33,3,27,21,2,0,3,2,17,2
2017-05-03,22,0,15,20,25,1,26,14,2,0,1,3,13,3
2017-05-04,17,0,15,25,24,1,31,21,0,1,0,2,10,0
2017-05-05,9,1,13,24,33,0,30,16,0,1,1,1,12,0
2017-05-06,13,1,14,19,36,5,32,18,0,2,5,1,21,0
2017-05-07,20,0,10,17,25,0,30,17,0,0,1,1,11,4
2017-05-08,18,1,13,29,22,2,29,23,1,2,2,0,10,1
2017-05-09,13,1,10,19,29,3,27,14,1,1,1,0,9,2
2017-05-10,10,2,15,22,32,0,26,20,0,0,3,0,8,0
2017-05-11,10,1,11,16,20,1,30,16,0,1,3,1,9,0
2017-05-12,15,0,10,39,23,1,23,19,1,3,3,0,20,0
2017-05-13,19,1,8,20,21,0,22,19,1,0,3,4,13,3
2017-05-14,20,0,10,20,23,1,20,19,0,0,2,1,19,1
2017-05-15,17,0,13,37,29,2,29,7,1,1,1,4,14,1
2017-05-16,20,1,10,29,33,1,23,14,1,1,3,4,12,3
2017-05-17,18,3,20,34,27,2,39,22,2,0,2,1,10,1
2017-05-18,16,1,11,23,22,1,31,17,2,0,4,4,9,2
2017-05-19,20,1,10,23,21,1,32,11,2,3,4,2,10,1
2017-05-20,16,0,14,25,35,0,32,20,4,0,2,0,20,1
2017-05-21,17,3,14,19,29,1,21,15,2,4,5,1,14,1
2017-05-22,15,0,14,29,25,2,32,27,2,1,4,8,18,3
2017-05-23,20,2,17,22,11,1,28,12,0,1,3,1,11,1
2017-05-24,15,0,18,25,27,2,34,13,0,0,0,1,13,0
2017-05-25,19,2,14,30,24,1,26,24,0,0,2,5,5,2
2017-05-26,17,2,12,28,30,1,40,20,3,1,1,0,10,1
2017-05-27,15,1,15,21,29,0,29,15,3,2,3,1,7,0
2017-05-28,23,0,15,9,21,0,26,5,2,1,1,2,16,1
2017-05-29,15,1,12,15,34,1,36,8,1,1,0,1,10,2
2017-05-30,6,0,13,16,29,2,30,25,1,1,4,3,13,1
2017-05-31,12,0,18,29,33,2,36,14,1,1,5,1,13,1
2017-06-01,19,2,18,20,23,0,37,26,1,1,2,2,16,3
2017-06-02,13,1,17,25,33,1,44,14,0,2,1,2,10,0
2017-06-03,21,0,8,16,26,3,33,15,3,2,0,1,8,1
2017-06-04,9,1,11,15,21,0,30,12,1,3,4,1,5,1
2017-06-05,17,1,10,21,23,1,34,19,3,0,2,4,8,1
2017-06-06,18,0,12,32,25,0,34,15,0,1,2,0,6,2
2017-06-07,13,1,16,23,41,0,28,17,1,3,0,1,11,1
2017-06-08,20,2,17,25,20,0,47,14,0,2,3,1,12,4
2017-06-09,28,0,14,24,24,2,44,16,1,0,4,0,17,5
2017-06-10,22,1,13,12,19,0,23,19,2,1,4,0,13,3
2017-06-11,27,0,12,16,31,0,31,27,0,1,4,2,12,6
2017-06-12,17,1,16,24,29,3,30,13,4,1,4,1,11,4
2017-06-13,15,0,22,11,42,3,38,15,0,2,1,1,10,6
2017-06-14,9,1,16,19,27,0,37,14,1,1,2,3,13,2
2017-06-15,14,1,10,19,20,0,38,16,1,1,3,3,14,1
2017-06-16,10,0,18,18,26,0,33,26,0,1,0,2,10,0
2017-06-17,15,2,16,28,37,0,22,27,0,4,1,4,7,2
2017-06-18,25,1,22,26,34,1,23,9,0,1,1,3,9,3
2017-06-19,23,1,6,26,37,0,36,10,1,2,1,2,8,2
2017-06-20,13,1,20,20,15,1,33,14,2,0,2,1,5,0
2017-06-21,13,0,20,31,33,1,28,14,1,2,5,2,8,0
2017-06-22,21,0,12,14,22,0,30,7,2,0,1,2,12,2
2017-06-23,22,6,17,23,27,2,37,17,0,2,8,2,13,3
2017-06-24,19,0,20,22,36,0,29,11,0,0,1,3,12,4
2017-06-25,14,1,15,12,33,2,28,27,1,2,0,0,11,3
2017-06-26,27,3,19,26,19,0,26,23,2,2,3,3,18,0
2017-06-27,20,0,15,30,23,1,27,15,0,1,6,3,19,1
2017-06-28,12,0,15,24,19,1,35,19,1,3,0,2,19,0
2017-06-29,26,3,14,16,18,2,26,16,3,3,4,0,9,7
2017-06-30,11,2,19,32,18,0,50,16,3,3,2,1,11,5
2017-07-01,14,1,17,18,29,2,29,19,3,2,0,2,10,2
2017-07-02,22,0,11,16,19,1,27,15,1,1,4,2,9,0
2017-07-03,10,1,18,18,17,3,29,12,2,3,1,1,10,2
2017-07-04,15,6,12,10,39,0,29,14,1,3,2,1,7,0
2017-07-05,29,0,10,24,19,4,28,14,2,1,4,1,12,2
2017-07-06,13,1,22,24,15,2,30,18,1,1,3,0,9,3
2017-07-07,21,0,14,17,32,1,33,16,0,3,7,1,7,5
2017-07-08,17,0,21,16,20,0,11,10,2,4,1,1,2,4
2017-07-09,13,2,9,24,21,0,21,20,0,5,1,4,8,0
2017-07-10,12,1,10,18,24,0,40,26,0,2,6,1,15,2
2017-07-11,18,0,16,18,17,0,42,25,1,1,2,1,9,1
2017-07-12,21,1,7,17,22,1,39,24,1,3,5,5,15,2
2017-07-13,17,1,11,19,32,1,43,18,1,1,4,1,8,4
2017-07-14,17,0,13,25,22,2,56,17,3,4,1,1,15,6
2017-07-15,16,5,14,21,21,0,35,12,0,5,4,0,16,3
2017-07-16,17,0,13,9,34,0,22,24,1,2,5,1,7,4
2017-07-17,20,0,16,26,24,1,27,11,0,3,6,9,10,2
2017-07-18,15,0,15,26,16,1,29,11,0,2,6,1,16,4
2017-07-19,10,0,13,28,24,1,34,20,3,2,2,12,10,3
2017-07-20,24,1,11,29,26,0,32,13,1,4,4,0,4,2
2017-07-21,17,0,11,27,23,2,39,19,1,2,4,1,16,4
2017-07-22,18,0,16,16,32,1,20,17,1,6,1,1,9,3
2017-07-23,27,2,14,27,31,1,29,13,0,3,5,3,15,3
2017-07-24,16,0,15,19,18,2,38,25,2,3,6,1,11,3
2017-07-25,15,3,7,31,23,3,45,23,1,3,4,3,12,2
2017-07-26,8,0,12,20,20,1,29,20,0,3,3,0,12,2
2017-07-27,17,0,16,18,26,1,29,22,0,0,4,0,5,1
2017-07-28,11,0,13,37,18,1,28,20,1,1,1,1,11,2
2017-07-29,25,2,11,20,19,1,39,12,3,2,2,1,9,2
2017-07-30,16,1,8,24,32,1,33,14,3,2,4,1,12,3
2017-07-31,16,0,12,34,22,0,46,12,2,1,2,0,10,0
2017-08-01,18,0,10,28,25,2,32,21,3,2,4,2,11,0
2017-08-02,20,2,13,25,16,2,41,13,0,1,1,2,10,4
2017-08-03,18,0,16,26,26,0,36,17,1,4,3,2,16,3
2017-08-04,12,1,8,21,11,0,48,14,0,1,3,1,10,0
2017-08-05,18,0,9,16,26,2,37,17,0,1,0,1,10,1
2017-08-06,17,1,10,22,36,0,26,27,3,2,2,2,6,3
2017-08-07,12,0,10,25,16,1,30,20,2,0,4,1,9,2
2017-08-08,13,1,8,22,19,2,44,16,5,1,3,2,6,2
2017-08-09,20,1,13,17,25,0,31,16,2,4,5,1,10,1
2017-08-10,23,0,13,28,18,1,33,20,1,1,4,0,9,4
2017-08-11,20,1,8,19,21,3,33,25,1,1,5,2,4,2
2017-08-12,7,0,10,19,35,1,40,38,0,0,5,3,6,0
2017-08-13,23,1,14,12,34,0,41,22,2,0,2,6,17,3
2017-08-14,21,1,13,26,19,1,30,25,1,3,3,4,15,6
2017-08-15,17,0,8,23,26,0,29,28,0,2,3,3,7,4
2017-08-16,20,0,8,31,24,1,37,18,1,1,3,0,15,1
2017-08-17,11,0,14,42,27,2,25,15,1,2,1,0,11,2
2017-08-18,10,0,10,30,18,0,36,14,1,0,4,0,5,0
2017-08-19,17,3,16,28,12,2,23,10,3,3,4,0,12,1
2017-08-20,19,2,10,20,23,0,26,9,1,1,2,4,21,0
2017-08-21,19,0,11,29,20,1,26,26,1,1,6,3,10,8
2017-08-22,21,1,16,26,30,2,41,18,2,2,2,4,11,1
2017-08-23,16,0,12,30,19,0,32,14,1,1,4,4,6,4
2017-08-24,20,2,12,29,13,0,36,12,2,1,7,1,7,4
2017-08-25,22,0,16,24,19,2,40,23,1,2,1,1,8,2
2017-08-26,11,3,13,19,31,1,27,27,1,1,8,1,17,2
2017-08-27,22,1,17,34,24,0,31,17,0,2,1,3,14,4
2017-08-28,17,1,7,17,17,1,28,18,3,2,2,3,10,2
2017-08-29,13,1,12,19,22,0,16,23,1,4,3,1,11,2
2017-08-30,12,4,13,24,20,4,28,19,0,3,2,0,12,2
2017-08-31,7,0,8,26,23,0,42,22,1,2,4,3,15,1
2017-09-01,17,2,11,30,18,0,33,11,3,1,0,1,14,1
2017-09-02,19,2,8,17,20,2,24,16,2,0,2,2,7,2
2017-09-03,17,0,17,15,28,0,20,14,0,1,0,2,10,2
2017-09-04,8,0,13,28,30,4,21,21,1,1,2,1,12,1
2017-09-05,20,0,11,22,15,1,25,11,0,0,2,1,14,2
2017-09-06,11,1,8,20,18,1,29,14,0,2,1,1,8,0
2017-09-07,15,0,13,14,19,0,39,10,1,1,2,1,14,1
2017-09-08,11,0,11,21,24,1,47,16,1,1,4,1,10,1
2017-09-09,20,1,13,23,19,0,33,13,1,1,2,1,13,4
2017-09-10,15,1,15,25,32,0,14,16,2,3,2,1,11,0
2017-09-11,14,3,9,29,19,1,34,25,3,1,4,2,11,2
2017-09-12,19,0,12,24,16,0,29,11,0,1,4,1,8,6
2017-09-13,14,3,9,19,19,2,33,14,2,2,7,3,10,1
2017-09-14,9,0,9,26,15,0,40,16,1,3,3,1,12,0
2017-09-15,17,0,23,23,25,0,34,15,0,0,7,0,15,3
2017-09-16,25,0,7,14,32,1,30,11,0,0,3,2,20,4
2017-09-17,25,0,11,15,27,1,24,27,0,2,5,1,12,1
2017-09-18,13,1,18,33,21,1,37,16,2,2,7,1,19,3
2017-09-19,21,0,12,22,29,1,32,16,0,1,2,2,12,1
2017-09-20,12,0,8,32,23,1,35,15,0,0,5,0,12,2
2017-09-21,14,0,15,19,26,1,36,15,0,2,0,1,19,1
2017-09-22,18,1,16,33,27,1,38,15,0,2,2,2,16,2
2017-09-23,19,0,15,21,28,3,32,25,2,1,5,0,20,0
2017-09-24,26,3,12,23,27,0,30,15,1,1,2,2,7,8
2017-09-25,15,2,10,27,27,3,37,26,0,1,2,2,12,3
2017-09-26,22,0,12,26,26,4,36,18,0,2,3,2,16,5
2017-09-27,21,1,10,30,20,1,36,17,1,0,6,2,12,3
2017-09-28,15,0,6,28,25,0,44,17,0,2,3,1,10,0
2017-09-29,16,0,12,24,31,1,31,20,0,0,1,0,9,3
2017-09-30,19,1,9,24,24,1,26,14,1,3,2,0,15,2
2017-10-01,20,0,11,16,28,2,30,23,2,0,1,1,17,2
2017-10-02,13,1,7,24,22,3,38,12,1,2,1,2,7,1
2017-10-03,17,1,11,22,24,1,34,16,2,1,2,2,11,7
2017-10-04,17,2,14,20,16,1,49,17,0,0,2,2,16,2
2017-10-05,23,1,13,49,27,1,32,14,0,1,3,0,10,6
2017-10-06,18,0,8,33,36,0,37,8,1,1,5,1,6,2
2017-10-07,26,1,15,20,35,1,30,11,0,2,5,4,6,3
2017-10-08,16,0,15,20,29,0,19,21,1,1,1,2,13,0
2017-10-09,19,0,15,33,31,0,30,19,1,4,1,3,13,4
2017-10-10,22,0,16,28,33,1,42,15,0,1,1,2,8,4
2017-10-11,14,0,7,28,23,0,34,20,1,5,1,0,17,2
2017-10-12,11,1,11,29,23,0,28,18,2,1,1,1,20,1
2017-10-13,16,1,7,37,30,3,40,25,0,5,4,1,8,1
2017-10-14,14,0,10,17,24,0,28,23,3,2,5,4,10,6
2017-10-15,29,1,12,17,20,2,21,22,1,2,7,1,12,4
2017-10-16,9,0,11,31,15,0,36,22,0,1,6,4,15,3
2017-10-17,17,1,8,25,16,1,28,16,2,3,7,3,11,5
2017-10-18,12,2,9,31,26,1,32,19,3,3,5,1,19,0
2017-10-19,14,0,12,19,18,1,27,22,1,0,1,3,10,1
2017-10-20,14,0,8,37,21,1,27,27,1,0,4,1,6,4
2017-10-21,15,0,16,30,28,0,27,21,2,3,2,2,7,2
2017-10-22,17,1,11,20,26,0,26,25,1,0,3,5,13,3
2017-10-23,11,0,10,23,37,0,39,13,0,2,3,3,13,2
2017-10-24,17,0,16,21,19,2,35,17,0,0,2,3,6,1
2017-10-25,18,0,18,39,24,1,43,20,0,2,4,5,22,6
2017-10-26,14,0,16,26,18,1,35,17,1,3,2,0,8,2
2017-10-27,16,0,9,16,27,1,36,23,1,1,1,0,7,1
2017-10-28,16,0,17,17,23,2,29,14,0,1,1,3,10,2
2017-10-29,27,0,13,24,25,1,19,38,0,2,8,2,3,2
2017-10-30,17,0,6,17,27,1,25,16,0,1,0,2,12,4
2017-10-31,15,0,12,25,25,2,45,17,2,1,3,0,27,3
2017-11-01,16,0,11,22,18,0,37,9,1,1,3,2,15,0
2017-11-02,14,0,15,21,22,3,25,14,0,1,2,1,10,0
2017-11-03,13,1,7,14,28,1,48,19,3,0,1,0,8,1
2017-11-04,21,1,20,17,30,1,17,17,2,0,2,1,13,2
2017-11-05,10,1,13,17,26,0,26,24,2,0,2,1,4,0
2017-11-06,13,0,13,25,11,1,43,20,0,3,2,1,11,2
2017-11-07,8,2,14,22,18,0,32,12,1,1,3,2,12,1
2017-11-08,17,1,15,27,25,0,33,20,1,2,2,1,7,1
2017-11-09,19,1,12,21,17,0,26,19,0,2,4,0,8,1
2017-11-10,16,2,7,27,27,0,25,17,1,1,4,6,5,0
2017-11-11,11,0,15,22,15,0,23,16,1,1,8,1,8,1
2017-11-12,11,0,16,9,21,2,28,26,1,1,0,4,8,0
2017-11-13,20,0,14,23,27,0,33,22,0,4,3,0,4,5
2017-11-14,14,2,13,19,28,3,29,24,0,1,6,3,7,3
2017-11-15,14,0,11,19,18,0,28,18,1,1,4,4,12,1
2017-11-16,25,0,8,22,24,1,37,12,0,3,1,1,16,1
2017-11-17,24,2,16,16,23,0,31,10,1,0,5,3,6,0
2017-11-18,13,0,15,20,25,0,30,15,0,0,6,0,12,1
2017-11-19,10,0,12,14,20,0,20,21,0,1,4,2,13,0
2017-11-20,20,2,13,17,21,0,31,18,0,3,3,1,15,4
2017-11-21,14,1,14,25,15,1,17,18,0,3,2,3,14,5
2017-11-22,5,0,18,38,24,0,23,24,0,3,2,0,9,1
2017-11-23,11,0,7,20,20,0,14,13,0,2,4,1,4,1
2017-11-24,18,0,15,24,22,2,28,28,0,2,5,2,18,2
2017-11-25,12,1,12,18,18,2,21,17,1,2,3,1,5,0
2017-11-26,11,0,20,20,31,0,25,29,0,1,5,0,12,1
2017-11-27,20,1,16,33,18,0,31,23,1,5,4,0,21,1
2017-11-28,19,0,12,36,21,3,22,19,1,1,1,3,9,2
2017-11-29,13,0,15,30,24,0,42,17,1,1,8,1,20,2
2017-11-30,12,0,9,23,23,3,32,16,0,2,5,2,9,0
2017-12-01,14,1,15,21,16,0,41,19,6,2,2,1,12,4
2017-12-02,8,0,12,15,22,1,36,9,2,1,1,1,10,0
2017-12-03,14,0,11,14,15,1,19,17,0,1,0,2,13,4
2017-12-04,16,1,9,35,16,1,36,10,1,2,2,2,16,2
2017-12-05,8,0,16,19,16,0,24,15,1,2,6,0,16,2
2017-12-06,15,1,12,24,19,1,22,28,0,1,6,1,17,3
2017-12-07,15,0,16,28,21,1,28,17,1,1,5,0,13,2
2017-12-08,5,0,15,24,27,0,43,24,0,2,6,1,7,1
2017-12-09,14,1,11,15,12,1,29,14,2,4,3,2,13,1
2017-12-10,11,0,13,6,25,1,27,27,2,2,2,4,3,2
2017-12-11,17,1,12,27,18,0,33,13,2,1,3,2,22,1
2017-12-12,13,0,17,30,25,1,35,17,1,2,2,1,15,2
2017-12-13,12,0,18,25,16,0,27,15,1,0,3,3,18,1
2017-12-14,13,0,10,22,19,1,28,15,1,1,1,1,8,5
2017-12-15,15,0,12,21,14,2,22,9,0,1,2,0,7,5
2017-12-16,6,0,17,18,17,0,23,13,0,1,2,0,8,1
2017-12-17,25,1,20,16,31,0,21,20,1,0,3,2,7,2
2017-12-18,15,0,15,31,29,1,32,16,1,0,5,0,18,0
2017-12-19,5,0,17,26,19,1,23,13,0,5,4,1,16,1
2017-12-20,12,0,13,29,24,1,36,15,0,3,2,0,16,0
2017-12-21,12,1,10,22,22,0,37,21,2,3,6,2,15,2
2017-12-22,12,0,8,39,22,0,39,17,1,2,2,0,12,4
2017-12-23,13,1,13,12,30,2,27,18,0,2,4,0,7,1
2017-12-24,16,3,10,21,24,1,20,18,0,1,0,1,10,0
2017-12-25,12,0,11,22,19,0,16,10,2,2,4,0,6,2
2017-12-26,7,0,18,17,15,3,24,17,1,3,1,2,6,2
2017-12-27,12,0,21,16,20,1,22,16,0,1,3,1,11,1
2017-12-28,5,0,16,12,5,1,28,7,0,2,4,0,8,1
2017-12-29,19,0,17,11,16,0,23,16,0,1,4,4,9,1
2017-12-30,13,0,13,16,19,0,20,5,1,1,2,2,3,3
2017-12-31,10,1,16,8,19,0,19,4,0,0,6,1,2,0
2018-01-01,10,2,10,16,31,2,27,10,5,0,1,3,5,2
2018-01-02,12,0,20,17,19,1,15,12,0,3,6,3,10,1
2018-01-03,9,0,23,14,22,1,28,8,1,5,1,1,12,0
2018-01-04,6,0,8,10,19,0,14,7,0,4,1,2,8,1
2018-01-05,8,1,14,22,18,0,19,10,1,0,0,0,8,0
2018-01-06,8,0,14,13,18,1,12,7,0,0,4,0,14,3
2018-01-07,7,0,18,15,18,0,20,9,1,5,0,1,7,0
2018-01-08,9,0,22,16,22,1,25,10,1,1,1,1,9,1
2018-01-09,3,2,20,19,15,0,35,12,0,4,4,1,19,0
2018-01-10,20,0,22,14,20,2,33,10,0,1,2,1,13,0
2018-01-11,14,0,22,29,18,1,27,14,0,3,3,3,9,5
2018-01-12,10,1,16,27,24,2,23,17,2,1,6,1,6,1
2018-01-13,25,0,8,20,19,0,25,8,1,2,2,0,10,3
2018-01-14,15,0,13,9,19,0,18,11,0,1,3,0,7,0
2018-01-15,19,0,13,11,17,0,23,13,4,3,3,1,14,1
2018-01-16,13,0,21,16,15,0,19,13,2,1,9,1,14,1
2018-01-17,10,0,9,20,10,0,15,16,0,2,4,1,8,1
2018-01-18,7,1,14,17,17,0,28,14,2,4,4,3,16,0
2018-01-19,8,1,17,26,25,1,29,17,2,0,5,1,2,1
2018-01-20,21,0,8,13,22,2,25,20,1,3,4,5,9,1
2018-01-21,19,0,5,15,25,2,17,20,1,0,3,1,12,2
2018-01-22,13,0,7,24,25,1,25,15,1,2,2,0,20,0
2018-01-23,9,0,11,20,19,2,30,10,0,0,1,1,8,1
2018-01-24,14,0,17,21,18,1,35,16,0,1,4,0,11,1
2018-01-25,14,1,8,27,25,1,29,15,2,0,6,0,2,0
2018-01-26,6,1,17,10,21,1,27,18,0,1,0,0,10,0
2018-01-27,6,0,15,15,33,1,20,19,3,2,3,1,11,0
2018-01-28,20,0,17,16,21,2,25,10,0,1,2,2,9,2
2018-01-29,10,2,13,26,21,0,17,14,2,1,4,3,8,3
2018-01-30,22,0,12,13,20,1,25,16,0,3,1,3,5,5
2018-01-31,13,0,19,22,19,1,22,0,2,2,7,1,10,1
2018-02-01,8,0,12,23,20,0,31,16,2,1,1,5,12,0
2018-02-02,11,2,17,14,17,0,31,9,4,2,3,0,10,1
2018-02-03,14,1,11,13,25,1,24,10,1,0,1,0,3,0
2018-02-04,10,1,12,6,16,0,17,10,2,3,0,0,7,1
2018-02-05,12,1,12,11,20,0,21,13,0,1,4,0,8,0
2018-02-06,17,0,18,22,31,0,22,17,2,0,2,0,18,2
2018-02-07,8,1,7,11,13,0,26,10,0,3,3,1,8,1
2018-02-08,11,1,9,15,21,0,23,11,0,2,6,1,11,0
2018-02-09,13,0,21,19,20,0,29,14,1,1,1,0,12,0
2018-02-10,12,0,12,11,16,0,20,20,1,4,1,0,4,3
2018-02-11,10,0,7,13,19,0,17,20,0,0,2,0,13,0
2018-02-12,8,0,12,17,15,0,20,21,3,1,1,1,20,0
2018-02-13,7,0,18,18,16,2,21,14,1,2,0,0,8,0
2018-02-14,14,1,10,12,20,0,31,13,0,0,2,0,4,0
2018-02-15,8,0,10,21,28,1,38,14,3,0,2,1,7,1
2018-02-16,8,2,9,20,22,0,24,22,2,3,3,4,5,0
2018-02-17,8,0,4,14,18,1,19,13,3,1,0,2,5,0
2018-02-18,6,0,11,7,13,0,33,11,2,1,3,4,4,1
2018-02-19,17,0,10,14,15,1,31,18,0,0,3,0,2,4
2018-02-20,21,0,7,23,16,0,27,12,1,1,1,2,7,0
2018-02-21,15,0,2,13,18,3,29,13,1,3,2,2,4,1
2018-02-22,10,0,9,15,25,0,10,15,0,2,1,1,10,0
2018-02-23,6,0,10,19,22,0,12,26,0,0,2,0,7,0
2018-02-24,10,1,13,14,17,0,14,14,0,1,1,0,3,0
2018-02-25,22,0,5,10,16,2,15,24,1,2,2,0,8,2
2018-02-26,12,1,5,23,27,2,32,12,0,2,0,2,11,2
2018-02-27,10,0,12,21,12,2,29,16,1,2,1,3,8,2
2018-02-28,7,1,13,18,23,0,19,17,1,2,1,1,10,2
2018-03-01,5,3,13,15,12,0,27,14,4,0,2,1,9,0
2018-03-02,14,1,4,15,13,0,27,13,2,1,1,2,11,1
2018-03-03,13,0,9,12,25,0,19,15,1,1,2,4,15,0
2018-03-04,13,0,8,11,21,1,22,13,0,0,3,5,4,0
2018-03-05,8,0,7,13,27,1,23,11,1,3,3,1,4,1
2018-03-06,14,0,9,15,24,0,16,12,1,0,2,1,4,1
2018-03-07,15,0,9,11,19,0,21,18,1,0,1,0,3,4
2018-03-08,19,0,9,18,17,1,20,15,0,0,3,1,8,1
2018-03-09,13,0,7,19,15,1,24,13,1,3,1,1,6,2
2018-03-10,11,0,14,14,22,1,18,14,1,3,2,0,12,2
2018-03-11,14,2,6,13,31,0,19,10,2,1,4,2,6,1
2018-03-12,16,2,12,10,26,0,24,19,0,2,0,4,13,8
2018-03-13,16,0,8,18,32,1,23,13,2,1,1,2,4,2
2018-03-14,12,0,5,10,21,0,36,6,0,1,2,2,8,1
2018-03-15,9,0,7,10,24,0,17,23,0,0,0,1,7,0
2018-03-16,20,0,11,21,27,1,29,15,2,2,2,1,4,1
2018-03-17,15,1,17,13,26,0,26,16,0,5,2,2,5,0
2018-03-18,21,0,4,13,33,1,16,21,0,1,3,1,2,6
2018-03-19,13,1,11,20,23,1,19,20,3,1,5,1,8,0
2018-03-20,8,0,15,12,13,1,24,14,0,2,4,1,4,4
2018-03-21,11,0,7,13,19,1,10,9,0,2,1,2,6,1
2018-03-22,12,0,14,22,20,0,28,13,0,2,6,2,20,1
2018-03-23,17,1,13,11,13,0,23,25,1,3,3,1,6,2
2018-03-24,14,0,12,10,21,0,21,11,0,0,1,4,13,3
2018-03-25,9,0,8,9,14,1,13,12,2,0,1,3,7,1
2018-03-26,12,0,12,5,17,0,19,11,2,1,0,0,7,0
2018-03-27,18,0,10,15,16,0,25,6,0,0,2,6,9,4
2018-03-28,8,0,7,14,23,3,24,18,2,0,2,4,5,0
2018-03-29,13,1,11,22,23,0,27,12,1,1,5,3,5,2
2018-03-30,19,0,18,23,23,0,22,8,2,1,1,3,16,4
2018-03-31,24,0,8,13,23,2,23,10,1,1,1,0,13,0
2018-04-01,18,0,10,6,18,0,31,7,1,0,1,2,6,2
2018-04-02,17,0,18,17,30,3,27,22,0,1,1,1,7,1
2018-04-03,13,1,6,14,23,0,27,13,0,0,2,0,9,2
2018-04-04,18,0,7,17,24,2,19,15,1,0,0,0,11,1
2018-04-05,12,0,11,16,22,2,35,14,1,0,2,3,14,0
2018-04-06,15,0,22,21,38,0,29,14,4,1,1,1,8,0
2018-04-07,15,2,8,7,20,3,21,18,1,0,2,3,4,2
2018-04-08,19,1,8,10,32,0,18,13,1,1,0,2,11,1
2018-04-09,15,0,7,18,19,0,27,16,1,2,0,2,15,0
2018-04-10,20,0,12,11,23,0,26,17,0,1,2,1,6,2
2018-04-11,15,1,9,24,18,0,30,7,1,2,2,1,4,1
2018-04-12,21,0,7,21,24,3,38,12,1,0,5,3,6,2
2018-04-13,21,0,6,10,17,1,40,12,1,0,1,3,10,7
2018-04-14,18,1,10,14,18,2,18,11,0,1,2,2,12,1
2018-04-15,9,1,10,18,31,1,25,9,2,1,2,2,5,0
2018-04-16,9,1,8,17,19,2,29,16,1,2,0,3,4,1
2018-04-17,12,1,12,16,42,1,25,8,1,2,1,0,13,3
2018-04-18,12,0,10,9,24,3,36,12,0,1,1,0,9,2
2018-04-19,19,0,12,15,23,1,36,17,0,0,2,0,12,3
2018-04-20,12,0,11,8,20,2,24,22,0,0,1,2,11,1
2018-04-21,18,1,12,13,24,1,16,9,0,0,1,1,7,1
2018-04-22,19,0,13,20,27,1,14,14,0,0,2,1,9,5
2018-04-23,19,2,7,10,20,0,25,22,1,2,1,1,11,2
2018-04-24,16,0,11,20,32,0,31,17,3,0,4,6,9,1
2018-04-25,12,0,11,18,21,1,36,10,0,2,3,1,10,0
2018-04-26,19,0,12,15,26,2,28,13,2,0,0,2,13,8
2018-04-27,32,0,14,24,21,0,31,18,2,2,4,2,6,4
2018-04-28,13,1,4,14,25,2,23,23,0,0,3,2,9,2
2018-04-29,21,1,11,18,22,0,27,13,0,0,8,1,8,2
2018-04-30,17,0,14,16,24,0,28,17,1,1,3,1,15,2
2018-05-01,14,1,10,12,24,1,47,18,0,0,2,1,5,0
2018-05-02,18,1,5,15,23,0,28,22,0,1,0,0,7,2
2018-05-03,15,0,7,18,31,1,25,10,0,1,0,6,5,3
2018-05-04,15,2,14,18,22,0,33,9,2,0,2,4,10,0
2018-05-05,16,0,5,12,23,1,35,16,0,3,1,2,11,3
2018-05-06,20,0,12,13,20,2,23,14,0,1,1,1,8,2
2018-05-07,18,0,11,17,32,0,33,12,2,0,1,1,5,1
2018-05-08,25,0,11,16,25,2,21,15,1,0,4,0,2,4
2018-05-09,15,0,9,6,27,1,21,16,1,0,1,4,6,0
2018-05-10,14,1,8,23,23,0,41,30,2,2,2,3,8,4
2018-05-11,19,0,14,16,29,0,44,15,2,2,2,0,13,1
2018-05-12,23,0,15,6,29,1,33,15,0,1,1,3,10,1
2018-05-13,13,0,9,13,25,0,21,17,1,1,1,1,11,0
2018-05-14,28,0,14,19,15,1,30,16,1,1,5,1,15,5
2018-05-15,25,0,10,14,30,1,38,23,2,3,1,0,8,5
2018-05-16,17,0,11,19,22,1,36,15,0,0,2,2,14,3
2018-05-17,12,0,4,14,25,0,29,17,1,0,3,1,14,1
2018-05-18,26,1,5,20,15,0,35,17,0,4,4,1,18,0
2018-05-19,20,1,10,12,26,1,22,13,0,1,2,1,9,1
2018-05-20,17,0,11,16,28,1,30,15,2,3,3,1,5,1
2018-05-21,15,0,11,17,27,0,28,24,0,0,2,1,10,1
2018-05-22,11,0,10,12,29,2,29,26,1,0,2,1,9,1
2018-05-23,27,0,7,21,29,1,44,27,0,3,0,2,7,3
2018-05-24,19,0,9,25,21,1,45,21,0,1,0,4,12,1
2018-05-25,10,0,9,20,25,0,43,18,4,0,3,0,6,2
2018-05-26,14,0,10,10,28,0,22,14,1,0,1,1,9,3
2018-05-27,14,2,12,11,17,0,22,15,1,0,3,0,7,3
2018-05-28,17,0,4,14,30,0,31,14,1,0,7,2,7,5
2018-05-29,23,1,11,22,29,1,38,19,1,2,2,3,17,2
2018-05-30,21,0,12,17,26,0,36,17,2,0,5,1,10,1
2018-05-31,14,0,5,17,20,0,40,13,1,0,6,0,7,0
2018-06-01,18,0,14,16,17,2,38,22,6,1,0,4,8,0
2018-06-02,11,0,8,21,34,1,23,22,1,1,0,1,12,0
2018-06-03,13,0,8,11,19,1,25,20,0,0,4,1,17,1
2018-06-04,15,1,8,15,27,0,37,10,0,1,4,1,7,3
2018-06-05,14,1,9,26,27,0,39,14,0,2,5,3,12,1
2018-06-06,25,1,9,20,34,0,25,18,1,0,2,2,8,3
2018-06-07,18,1,9,19,28,0,34,13,2,0,4,0,8,1
2018-06-08,16,0,10,23,29,0,42,21,0,1,3,1,4,3
2018-06-09,18,0,8,15,35,1,38,10,2,1,3,1,8,3
2018-06-10,21,0,13,14,24,1,21,19,1,0,5,0,7,5
2018-06-11,15,0,12,12,16,2,29,29,2,1,1,0,9,2
2018-06-12,21,2,13,8,25,2,46,12,2,1,5,2,5,1
2018-06-13,20,0,3,20,24,1,38,23,2,0,4,1,8,1
2018-06-14,18,1,17,17,24,1,25,13,1,1,7,1,0,0
2018-06-15,14,0,5,20,30,0,40,18,2,0,2,0,16,0
2018-06-16,18,0,16,10,25,4,35,13,2,1,3,1,8,5
2018-06-17,12,2,13,10,22,1,22,17,2,4,2,3,10,2
2018-06-18,13,0,8,11,26,1,34,24,0,2,3,0,3,0
2018-06-19,10,0,11,20,22,1,37,18,1,0,4,1,5,1
2018-06-20,16,0,8,18,25,4,39,16,1,3,3,0,7,2
2018-06-21,24,0,15,20,17,0,34,22,2,6,4,1,12,1
2018-06-22,14,0,12,14,21,0,33,15,1,1,1,2,13,1
2018-06-23,9,0,10,18,16,0,27,16,0,1,9,1,12,0
2018-06-24,17,0,10,19,23,0,31,16,0,0,2,2,12,2
2018-06-25,16,0,7,27,20,0,26,26,1,2,2,0,5,3
2018-06-26,14,0,11,19,19,0,29,21,0,2,1,0,5,2
2018-06-27,15,0,10,13,16,0,33,15,3,0,4,3,7,1
2018-06-28,17,0,7,18,22,0,29,22,3,1,1,0,3,1
2018-06-29,15,0,10,19,22,0,41,23,0,0,1,0,2,0
2018-06-30,26,0,11,9,31,0,22,12,2,2,1,2,6,11
2018-07-01,16,0,9,15,30,1,30,14,3,3,2,1,6,1
2018-07-02,14,0,12,18,17,0,33,9,2,0,8,2,8,0
2018-07-03,14,0,5,13,18,1,35,17,2,0,0,2,8,1
2018-07-04,21,3,11,22,23,1,19,16,0,1,2,0,10,1
2018-07-05,13,0,13,15,25,2,38,21,1,0,6,0,8,0
2018-07-06,9,0,14,16,24,1,32,12,2,1,0,0,9,2
2018-07-07,20,0,10,31,17,1,21,23,0,0,3,0,4,4
2018-07-08,14,0,14,16,25,1,25,15,0,1,0,2,12,1
2018-07-09,14,0,17,23,19,3,32,15,0,2,4,1,10,2
2018-07-10,12,0,9,19,13,3,33,16,1,2,1,2,9,1
2018-07-11,13,0,6,11,23,0,27,10,2,1,1,2,9,2
2018-07-12,18,0,11,22,21,0,46,16,1,0,6,0,8,0
2018-07-13,16,0,5,17,27,0,34,13,0,0,4,1,9,0
2018-07-14,15,0,15,17,30,0,34,11,2,0,1,1,12,1
2018-07-15,23,0,12,13,26,2,27,17,1,1,2,3,13,1
2018-07-16,18,0,15,18,18,1,36,19,2,1,1,1,9,2
2018-07-17,20,0,20,11,19,0,25,22,1,2,2,0,9,2
2018-07-18,14,1,11,23,26,1,36,26,1,0,9,3,14,3
2018-07-19,16,0,13,22,22,2,34,16,1,0,1,4,11,1
2018-07-20,18,0,10,25,26,2,30,12,0,1,3,1,6,3
2018-07-21,20,0,11,16,22,3,30,13,2,0,3,1,14,8
2018-07-22,13,0,12,21,27,1,25,18,1,1,3,2,4,1
2018-07-23,13,2,16,21,23,0,29,29,0,1,8,0,13,2
2018-07-24,15,0,9,17,19,0,31,20,2,0,4,0,11,3
2018-07-25,16,0,9,36,29,1,36,21,1,2,2,0,5,2
2018-07-26,19,0,8,23,22,0,39,26,1,3,2,1,22,1
2018-07-27,22,1,12,22,33,0,38,19,0,3,1,0,10,2
2018-07-28,20,1,9,18,21,0,19,17,0,2,0,1,5,1
2018-07-29,22,0,16,16,22,1,36,20,0,2,2,1,7,2
2018-07-30,25,1,19,23,36,0,34,18,1,2,3,1,15,2
2018-07-31,8,0,13,21,19,2,33,22,0,4,3,1,9,1
2018-08-01,19,0,6,29,19,3,33,13,0,2,1,2,12,1
2018-08-02,18,0,18,13,19,0,30,19,0,3,2,2,13,0
2018-08-03,22,1,13,25,27,1,33,12,0,5,0,0,17,2
2018-08-04,21,0,11,11,26,0,28,12,1,0,1,0,14,1
2018-08-05,21,0,17,12,28,1,29,13,0,4,2,0,15,0
2018-08-06,14,0,14,20,34,1,33,15,4,1,4,0,7,1
2018-08-07,18,0,16,18,17,3,27,22,0,2,4,1,7,3
2018-08-08,18,0,11,19,20,1,28,20,1,2,1,3,11,6
2018-08-09,17,1,16,16,27,3,25,25,2,0,3,1,11,5
2018-08-10,22,0,14,20,32,0,41,16,1,3,1,1,3,2
2018-08-11,24,0,12,11,29,1,31,24,4,0,1,3,29,6
2018-08-12,19,2,12,18,28,0,27,22,2,0,3,0,15,2
2018-08-13,14,0,12,14,21,0,34,19,0,2,2,1,11,5
2018-08-14,17,1,9,22,17,1,38,18,1,4,2,1,15,5
2018-08-15,18,1,12,20,15,2,46,18,0,3,2,1,15,0
2018-08-16,15,0,15,21,25,1,38,21,0,2,0,1,9,1
2018-08-17,17,0,17,30,37,1,27,20,0,2,1,1,9,0
2018-08-18,20,0,5,15,22,2,30,19,3,1,0,3,7,7
2018-08-19,17,1,12,18,31,0,34,21,1,0,3,1,14,4
2018-08-20,21,0,18,22,32,1,28,26,1,1,2,0,5,4
2018-08-21,18,0,17,23,24,1,32,18,0,1,0,3,2,1
2018-08-22,19,0,7,17,15,3,42,24,1,2,1,1,9,4
2018-08-23,23,0,14,15,15,0,42,17,0,2,3,1,9,7
2018-08-24,17,0,13,19,22,0,33,22,0,0,0,2,10,1
2018-08-25,20,0,16,24,26,1,28,13,2,3,2,2,13,5
2018-08-26,25,0,12,15,16,0,23,27,0,4,1,2,9,5
2018-08-27,25,0,13,13,19,0,34,21,2,0,3,8,12,3
2018-08-28,18,2,13,11,28,1,23,21,0,0,1,2,11,6
2018-08-29,16,0,11,16,23,0,37,22,0,0,0,1,5,1
2018-08-30,14,1,8,10,22,2,36,17,0,2,0,0,15,4
2018-08-31,14,0,12,20,24,0,45,18,0,1,1,1,10,1
2018-09-01,14,2,8,17,26,1,42,12,3,0,3,2,10,3
2018-09-02,12,0,8,16,31,0,25,15,4,2,2,2,2,2
2018-09-03,20,1,15,13,12,3,33,17,1,0,2,1,6,2
2018-09-04,25,0,4,16,17,2,44,27,0,1,2,1,3,4
2018-09-05,10,1,7,15,27,0,37,17,0,2,5,1,13,0
2018-09-06,14,0,11,19,19,0,40,17,1,0,1,2,8,1
2018-09-07,7,0,10,26,41,0,30,23,2,0,3,4,7,2
2018-09-08,7,0,7,17,26,0,22,17,0,3,1,0,5,1
2018-09-09,7,0,18,11,22,0,21,15,0,0,3,2,8,2
2018-09-10,17,0,19,24,25,0,37,17,2,4,2,1,7,1
2018-09-11,15,0,6,20,23,1,34,20,0,0,4,0,14,1
2018-09-12,11,1,13,18,20,0,43,11,1,1,2,0,12,0
2018-09-13,16,0,11,19,18,0,37,33,1,1,4,1,23,1
2018-09-14,23,0,9,18,18,3,34,14,0,1,0,3,18,3
2018-09-15,21,0,21,15,25,1,28,16,1,4,4,2,10,2
2018-09-16,19,2,9,11,30,0,24,18,1,1,1,2,16,4
2018-09-17,17,0,11,19,23,2,24,12,2,1,4,0,15,3
2018-09-18,19,0,18,20,17,3,46,20,0,0,0,1,11,4
2018-09-19,12,0,17,12,24,1,38,26,1,2,2,0,11,4
2018-09-20,15,0,11,23,18,1,28,23,0,1,2,6,10,4
2018-09-21,14,0,14,24,20,0,33,18,2,0,0,0,11,2
2018-09-22,12,0,9,14,37,1,27,22,1,0,1,0,14,3
2018-09-23,16,0,13,14,19,0,18,14,2,1,2,2,19,1
2018-09-24,15,0,10,9,24,2,40,27,1,0,4,0,19,0
2018-09-25,13,0,18,22,25,1,25,27,1,0,4,0,17,2
2018-09-26,17,0,11,11,24,2,33,17,0,0,2,2,8,1
2018-09-27,10,0,15,19,18,3,37,23,1,1,4,3,15,1
2018-09-28,16,1,13,23,28,1,22,16,0,0,2,2,9,2
2018-09-29,19,0,13,17,34,2,21,13,1,0,2,0,17,2
2018-09-30,22,0,13,20,26,5,31,13,2,1,5,5,8,2
2018-10-01,17,0,10,21,23,2,46,12,2,0,2,1,13,1
2018-10-02,23,0,14,24,28,2,41,23,1,2,1,3,13,2
2018-10-03,15,2,8,20,24,1,39,16,2,0,2,2,18,2
2018-10-04,11,0,7,17,39,2,40,18,1,4,2,0,11,0
2018-10-05,16,0,17,11,30,2,33,17,1,0,2,0,12,3
2018-10-06,23,0,18,11,37,0,21,19,0,0,3,0,15,3
2018-10-07,22,0,10,10,21,1,19,22,0,3,2,2,11,4
2018-10-08,19,1,9,28,34,2,26,24,0,0,0,2,8,0
2018-10-09,18,2,12,19,29,1,29,17,2,0,1,1,14,1
2018-10-10,19,0,13,22,26,0,36,45,1,2,5,2,8,4
2018-10-11,22,1,9,16,26,0,38,21,2,1,5,1,9,3
2018-10-12,7,0,11,18,23,1,37,30,0,0,5,2,15,1
2018-10-13,13,0,6,13,22,0,30,15,1,2,1,5,9,1
2018-10-14,17,0,17,12,29,1,38,18,1,3,4,1,8,1
2018-10-15,16,0,12,24,30,0,26,34,1,0,4,4,13,5
2018-10-16,12,1,8,21,23,3,22,35,3,0,2,1,13,8
2018-10-17,21,0,5,15,15,1,39,42,0,1,4,2,12,4
2018-10-18,10,0,15,20,16,3,22,31,1,3,3,0,7,3
2018-10-19,9,1,13,34,15,0,29,31,4,4,4,2,14,2
2018-10-20,13,0,16,12,29,0,37,23,0,1,7,2,11,0
2018-10-21,16,0,13,13,25,3,19,22,0,0,1,2,11,0
2018-10-22,11,1,12,20,20,1,35,14,0,2,2,0,6,1
2018-10-23,14,2,13,21,30,1,30,17,1,0,2,3,11,5
2018-10-24,15,0,10,17,30,1,25,21,0,1,0,0,10,1
2018-10-25,12,0,13,16,14,0,28,21,1,2,0,0,9,0
2018-10-26,14,0,12,26,23,0,31,26,1,4,1,1,6,2
2018-10-27,16,1,12,14,18,1,17,24,0,0,4,2,24,0
2018-10-28,21,0,16,21,19,0,16,27,0,0,2,2,15,3
2018-10-29,12,0,21,24,20,1,38,29,0,2,1,1,13,0
2018-10-30,12,0,10,19,29,1,28,23,1,2,4,0,6,3
2018-10-31,18,0,12,16,28,3,37,21,2,5,0,1,11,3
2018-11-01,27,1,16,18,30,0,34,15,1,1,1,0,9,1
2018-11-02,14,0,17,32,16,0,36,20,1,1,0,0,10,1
2018-11-03,11,2,14,23,24,0,24,17,0,1,2,2,10,0
2018-11-04,11,1,7,20,34,1,28,24,0,5,3,3,17,1
2018-11-05,10,0,9,18,12,0,30,19,0,4,2,2,12,3
2018-11-06,21,0,15,20,16,0,20,26,1,2,7,1,9,3
2018-11-07,18,0,15,22,33,0,39,24,1,4,3,1,8,2
2018-11-08,13,0,14,21,18,2,41,21,0,2,4,1,14,3
2018-11-09,9,0,14,20,24,1,34,20,1,0,9,0,12,3
2018-11-10,17,0,10,16,24,1,38,17,0,1,2,0,9,1
2018-11-11,17,0,11,10,26,0,23,15,0,2,4,3,7,2
2018-11-12,9,0,16,16,17,0,25,13,1,1,4,4,8,0
2018-11-13,15,0,15,17,16,0,33,22,0,0,6,0,9,1
2018-11-14,11,1,9,11,22,1,34,21,0,4,4,0,18,2
2018-11-15,16,0,17,18,17,0,26,18,2,2,9,1,7,0
2018-11-16,15,0,10,15,19,3,27,33,0,2,7,4,12,1
2018-11-17,18,0,20,10,27,1,29,21,0,1,1,0,8,4
2018-11-18,13,0,8,13,31,0,32,20,1,4,1,0,24,1
2018-11-19,19,1,17,20,30,1,39,20,3,0,4,2,18,1
2018-11-20,12,0,14,16,27,0,38,15,0,1,3,1,9,0
2018-11-21,11,1,9,16,23,1,38,21,1,2,2,3,18,1
2018-11-22,19,0,15,11,29,0,16,20,0,1,2,2,1,1
2018-11-23,18,1,8,10,21,0,38,14,2,1,3,1,6,6
2018-11-24,10,0,9,9,12,0,33,21,0,0,2,2,13,0
2018-11-25,18,0,10,11,24,3,20,27,0,2,5,1,11,2
2018-11-26,6,0,12,16,15,0,41,14,3,2,3,1,13,0
2018-11-27,17,0,15,14,24,0,34,17,0,0,5,1,15,5
2018-11-28,13,1,15,13,28,2,41,14,0,0,0,0,2,2
2018-11-29,9,0,12,12,32,1,32,15,0,2,6,1,29,0
2018-11-30,14,0,9,17,19,1,43,6,1,0,2,1,14,1
2018-12-01,14,2,9,21,23,3,41,20,1,2,1,1,12,4
2018-12-02,9,0,9,9,33,1,33,21,0,3,1,1,11,3
2018-12-03,16,0,9,14,17,3,34,14,4,2,5,2,9,3
2018-12-04,23,0,8,22,21,0,35,15,2,4,4,0,13,4
2018-12-05,14,0,12,18,37,0,37,16,0,1,5,1,13,3
2018-12-06,15,1,11,22,14,0,25,17,2,3,2,2,11,1
2018-12-07,29,0,12,17,21,2,39,16,0,2,2,0,12,3
2018-12-08,14,1,8,7,23,0,29,12,0,2,4,1,11,2
2018-12-09,11,0,10,10,17,0,31,24,1,0,2,2,6,5
2018-12-10,18,0,22,22,14,2,26,15,0,1,7,1,11,1
2018-12-11,13,0,18,25,28,0,32,17,0,4,5,1,17,0
2018-12-12,17,1,10,21,23,2,34,11,1,2,6,1,16,0
2018-12-13,15,0,14,17,24,2,36,20,0,3,3,3,12,1
2018-12-14,17,1,9,19,25,1,25,28,0,1,2,2,7,3
2018-12-15,9,0,13,16,26,1,42,20,1,1,2,1,15,1
2018-12-16,14,1,14,8,26,0,16,24,0,1,1,0,9,0
2018-12-17,16,0,22,17,10,0,28,35,0,1,2,1,10,1
2018-12-18,25,0,15,27,23,0,43,23,1,3,4,1,12,8
2018-12-19,14,0,14,20,14,3,29,27,0,0,3,1,11,1
2018-12-20,11,0,7,100,20,0,30,27,1,2,2,1,8,2
2018-12-21,16,0,17,19,24,3,27,37,0,1,5,0,5,2
2018-12-22,13,0,11,9,15,0,25,17,0,1,2,5,8,3
2018-12-23,10,0,5,23,19,0,26,26,0,0,1,1,7,0
2018-12-24,16,0,13,17,16,0,37,14,0,2,7,1,10,6
2018-12-25,14,0,9,14,25,1,12,19,0,0,0,0,3,0
2018-12-26,12,0,9,11,17,0,27,13,0,1,1,0,6,1
2018-12-27,21,0,17,12,16,0,20,18,1,4,2,1,12,6
2018-12-28,14,1,12,21,26,0,34,16,1,2,6,9,14,0
2018-12-29,15,0,6,14,15,0,37,17,1,2,4,1,15,2
2018-12-30,11,0,15,14,25,2,22,15,0,2,5,0,9,0
2018-12-31,17,0,17,11,21,2,37,15,3,0,2,1,6,4
2019-01-01,22,0,10,13,34,2,19,17,2,2,11,2,8,2
2019-01-02,19,1,5,19,12,0,26,30,0,0,2,3,7,1
2019-01-03,8,0,10,15,19,1,37,11,0,3,3,2,12,4
2019-01-04,15,0,17,19,25,0,32,11,1,4,4,1,3,4
2019-01-05,26,0,10,17,11,0,21,32,0,3,2,4,8,6
2019-01-06,13,0,9,14,27,1,15,25,1,1,1,2,7,2
2019-01-07,15,0,13,15,18,0,22,37,3,2,6,0,8,0
2019-01-08,18,0,11,18,22,0,38,30,0,1,1,2,10,0
2019-01-09,14,0,19,23,17,1,33,18,1,0,3,2,21,4
2019-01-10,16,0,9,8,17,1,33,24,0,3,1,0,11,1
2019-01-11,20,1,15,21,26,3,19,17,0,5,6,1,16,1
2019-01-12,10,0,12,16,27,0,24,7,1,0,4,3,4,1
2019-01-13,8,0,11,6,23,3,12,13,0,0,1,2,2,1
2019-01-14,8,0,11,11,24,0,28,13,1,3,4,0,12,1
2019-01-15,13,1,17,15,26,1,44,16,1,2,1,0,6,1
2019-01-16,12,1,15,21,19,0,30,19,0,0,2,1,18,1
2019-01-17,12,1,8,10,19,0,26,7,1,0,6,1,8,0
2019-01-18,13,0,13,12,26,1,29,20,0,2,1,0,5,2
2019-01-19,10,0,6,10,16,2,22,8,2,2,2,1,10,1
2019-01-20,13,0,9,12,18,0,19,14,1,2,1,1,10,6
2019-01-21,10,0,11,8,11,1,24,12,0,1,4,0,11,2
2019-01-22,17,0,10,11,16,4,19,14,0,3,4,1,8,1
2019-01-23,13,0,10,22,19,0,22,18,0,1,3,1,3,1
2019-01-24,9,0,16,22,25,1,32,15,0,0,7,0,8,1
2019-01-25,13,0,9,18,14,0,21,10,0,0,1,4,8,1
2019-01-26,11,0,7,12,16,2,26,13,0,0,1,0,9,0
2019-01-27,10,0,5,10,14,0,23,16,0,1,2,1,16,0
2019-01-28,13,0,8,14,24,1,33,11,0,1,1,0,7,3
2019-01-29,9,0,14,19,13,0,34,17,1,1,3,1,3,1
2019-01-30,7,1,6,17,12,0,33,15,1,0,2,0,9,0
2019-01-31,8,0,14,12,18,0,27,7,1,1,4,1,8,0
2019-02-01,10,0,11,8,12,1,27,11,3,0,3,1,4,0
2019-02-02,12,0,9,17,18,1,22,13,2,1,2,0,4,0
2019-02-03,17,0,10,9,37,0,20,15,1,1,0,0,4,1
2019-02-04,10,0,16,13,26,0,24,13,0,1,2,2,8,2
2019-02-05,16,2,7,13,29,0,31,15,0,1,2,2,11,3
2019-02-06,15,0,10,18,28,0,31,23,1,2,1,2,15,1
2019-02-07,6,0,18,14,36,0,29,20,2,1,1,1,11,2
2019-02-08,15,0,14,25,19,2,30,15,4,1,2,2,10,2
2019-02-09,8,1,6,11,22,0,22,15,1,2,3,3,8,2
2019-02-10,12,0,12,3,18,0,20,11,0,4,3,1,7,2
2019-02-11,8,0,14,13,22,0,23,9,2,0,1,1,9,1
2019-02-12,6,0,8,14,15,0,22,10,0,4,4,1,3,0
2019-02-13,11,0,7,24,29,0,26,9,0,3,1,1,6,1
2019-02-14,15,0,3,22,18,0,28,16,3,1,1,1,8,0
2019-02-15,7,0,14,16,29,2,35,11,0,0,0,0,4,1
2019-02-16,13,0,9,17,16,1,16,12,0,2,1,1,9,0
2019-02-17,14,0,12,16,23,0,19,13,0,0,0,3,7,0
2019-02-18,16,0,8,17,14,0,26,8,2,1,2,2,8,0
2019-02-19,20,0,6,17,19,0,31,15,0,2,3,1,7,5
2019-02-20,7,0,12,10,11,0,24,12,0,0,3,2,3,1
2019-02-21,21,0,5,19,18,4,33,9,1,1,2,1,6,8
2019-02-22,8,0,9,12,14,3,33,9,0,1,2,0,6,2
2019-02-23,14,0,10,14,16,0,30,17,2,2,3,1,4,1
2019-02-24,15,0,7,17,27,1,19,5,0,1,3,0,2,1
2019-02-25,14,0,9,23,16,1,32,9,0,0,2,1,5,0
2019-02-26,12,0,11,16,24,0,22,8,0,2,1,0,6,3
2019-02-27,18,0,11,9,27,3,24,9,2,1,2,0,7,1
2019-02-28,12,0,8,12,22,0,28,10,0,0,1,0,8,1
2019-03-01,12,0,10,10,16,1,32,14,2,0,1,0,8,2
2019-03-02,11,1,5,11,16,0,25,11,0,1,1,1,7,0
2019-03-03,12,0,14,8,22,1,12,6,1,0,1,4,2,0
2019-03-04,10,1,8,12,25,2,29,7,4,0,2,0,7,0
2019-03-05,16,0,10,13,13,0,20,6,0,2,3,1,4,1
2019-03-06,5,1,12,14,21,0,24,5,0,1,2,0,6,4
2019-03-07,13,1,5,13,21,0,26,4,0,1,1,0,8,0
2019-03-08,5,1,8,5,19,0,31,10,0,1,2,0,0,1
2019-03-09,17,0,9,11,15,2,20,16,0,2,3,1,3,1
2019-03-10,7,0,6,9,19,2,28,8,3,0,3,1,12,2
2019-03-11,15,1,12,12,18,1,24,10,0,3,1,1,7,3
2019-03-12,7,0,8,7,19,1,37,11,0,0,6,4,4,1
2019-03-13,16,0,7,13,23,0,14,12,0,0,2,0,5,0
2019-03-14,10,1,13,3,26,2,28,14,1,0,2,3,6,4
2019-03-15,10,0,11,19,18,0,34,11,0,2,1,1,5,2
2019-03-16,26,0,14,15,32,1,17,19,0,2,4,0,8,1
2019-03-17,19,0,12,10,22,2,19,9,1,1,5,0,9,2
2019-03-18,16,0,16,17,28,1,30,10,0,0,2,1,12,2
2019-03-19,10,1,9,14,28,0,35,11,2,3,2,0,8,0
2019-03-20,12,3,9,8,20,1,33,14,1,0,2,1,8,1
2019-03-21,7,0,6,19,14,2,24,12,1,0,0,1,4,1
2019-03-22,9,0,9,15,20,0,27,11,1,0,4,1,9,4
2019-03-23,15,0,4,23,33,0,34,15,1,0,3,1,9,0
2019-03-24,14,0,7,10,32,0,19,18,0,0,0,0,4,1
2019-03-25,18,1,13,12,27,1,30,12,2,0,1,0,9,1
2019-03-26,16,1,8,9,28,2,26,19,0,0,6,1,9,4
2019-03-27,19,0,5,10,25,1,28,17,1,3,1,0,7,2
2019-03-28,22,2,10,17,33,2,33,14,1,0,0,1,8,7
2019-03-29,15,0,15,12,24,0,27,13,0,1,1,3,4,2
2019-03-30,12,0,11,16,26,1,35,17,1,1,2,0,15,1
2019-03-31,10,0,12,10,25,0,25,12,0,2,2,1,14,2
2019-04-01,9,0,15,17,33,0,34,14,1,2,2,1,3,1
2019-04-02,6,0,9,8,21,1,21,10,1,2,2,3,4,2
2019-04-03,13,0,7,18,17,0,26,8,0,0,1,0,8,4
2019-04-04,23,1,9,14,30,0,43,13,0,0,6,3,7,3
2019-04-05,9,0,9,11,31,0,32,18,2,2,2,1,6,0
2019-04-06,10,0,8,15,20,0,31,18,2,1,0,0,9,4
2019-04-07,11,0,16,9,17,0,30,11,0,0,2,0,9,0
2019-04-08,10,0,10,13,29,0,32,19,2,1,1,1,7,2
2019-04-09,8,0,5,19,23,1,25,10,0,0,1,0,12,2
2019-04-10,25,0,11,24,30,3,28,12,1,0,1,3,3,3
2019-04-11,19,0,8,18,26,1,30,17,4,1,2,0,2,6
2019-04-12,8,0,16,18,25,0,35,11,1,1,2,1,10,1
2019-04-13,15,0,8,14,33,0,24,9,0,1,1,0,6,7
2019-04-14,16,0,6,5,22,1,22,11,1,1,4,1,4,1
2019-04-15,10,0,14,7,20,1,29,10,0,1,4,1,5,1
2019-04-16,21,0,14,12,14,1,25,14,3,2,1,0,4,2
2019-04-17,11,0,10,11,20,1,31,24,1,1,2,1,10,0
2019-04-18,15,0,11,11,20,0,38,20,0,2,2,1,5,2
2019-04-19,10,0,15,15,23,1,19,25,0,1,2,1,8,2
2019-04-20,9,0,10,9,24,0,16,19,0,1,0,4,7,2
2019-04-21,8,0,15,12,33,0,19,11,2,3,1,1,9,0
2019-04-22,14,0,14,17,23,1,34,9,2,2,1,2,6,0
2019-04-23,28,0,13,22,29,1,34,15,0,4,0,1,9,0
2019-04-24,15,0,10,13,23,2,23,11,0,0,2,0,6,4
2019-04-25,19,1,5,17,32,1,30,10,1,1,3,0,10,0
2019-04-26,22,2,5,20,19,2,40,9,1,0,3,1,7,2
2019-04-27,21,0,15,15,26,1,25,12,0,0,3,0,5,3
2019-04-28,16,2,10,11,21,1,25,15,1,1,3,1,4,11
2019-04-29,20,0,6,11,21,1,35,19,0,0,3,0,9,0
2019-04-30,13,0,12,13,22,1,41,14,2,0,4,0,11,5
2019-05-01,17,0,20,6,22,2,47,9,3,1,2,0,9,2
2019-05-02,12,0,6,13,23,0,23,16,2,3,2,0,10,0
2019-05-03,26,0,8,13,23,3,35,6,1,0,3,1,4,9
2019-05-04,23,0,9,6,22,3,28,14,3,1,2,0,10,2
2019-05-05,18,1,11,10,23,1,30,15,1,1,3,0,7,0
2019-05-06,10,1,3,26,23,0,36,14,1,3,5,2,10,3
2019-05-07,14,0,6,16,23,1,23,14,0,0,4,0,9,2
2019-05-08,9,0,11,19,28,0,32,8,0,1,3,1,11,2
2019-05-09,16,0,6,15,27,1,30,16,0,1,0,1,7,1
2019-05-10,17,0,8,13,32,3,27,15,2,1,1,0,16,4
2019-05-11,10,0,6,19,27,0,28,12,1,2,1,0,6,0
2019-05-12,9,0,4,10,21,0,21,13,1,0,1,1,7,1
2019-05-13,11,1,8,13,27,0,34,12,1,3,3,2,9,0
2019-05-14,14,1,12,18,15,3,28,15,0,2,7,0,9,1
2019-05-15,13,2,9,24,27,0,38,19,1,1,1,3,17,2
2019-05-16,18,0,15,14,18,1,32,15,0,0,3,2,6,2
2019-05-17,28,0,9,22,28,1,40,11,1,2,3,2,5,2
2019-05-18,29,0,9,13,36,1,29,16,0,1,1,1,13,3
2019-05-19,24,0,13,16,37,1,28,14,0,1,4,1,7,1
2019-05-20,17,0,12,18,25,1,38,11,0,3,0,0,14,2
2019-05-21,18,0,9,15,29,0,28,27,1,2,5,1,20,0
2019-05-22,22,0,13,15,25,1,44,12,0,1,2,0,22,6
2019-05-23,16,1,16,13,13,1,26,27,2,2,0,3,10,1
2019-05-24,15,0,15,22,21,0,49,16,0,2,0,0,11,1
2019-05-25,29,1,2,15,32,3,27,14,1,5,1,5,8,4
2019-05-26,17,2,7,8,27,0,25,8,0,0,1,0,5,1
2019-05-27,12,1,4,12,28,1,41,11,0,2,2,6,7,4
2019-05-28,21,0,17,16,17,1,35,17,2,1,2,1,15,6
2019-05-29,18,0,14,18,17,2,36,13,1,0,1,2,14,0
2019-05-30,13,0,6,18,23,1,34,14,0,2,1,0,10,0
2019-05-31,16,0,7,7,34,1,39,18,2,2,2,0,7,1
2019-06-01,22,1,15,31,29,1,42,16,3,0,0,1,11,5
2019-06-02,29,0,7,17,18,1,29,17,3,1,2,1,5,4
2019-06-03,16,0,10,17,28,1,31,16,1,0,2,0,21,0
2019-06-04,30,0,8,13,32,0,22,8,2,0,0,1,13,7
2019-06-05,15,0,10,14,29,0,28,16,0,2,1,3,10,2
2019-06-06,13,1,13,14,32,0,30,13,0,1,2,0,8,2
2019-06-07,15,0,11,13,39,1,26,14,0,2,1,2,7,0
2019-06-08,19,0,12,15,22,1,28,10,1,2,4,0,8,1
2019-06-09,12,0,6,15,17,2,24,11,0,2,1,1,10,2
2019-06-10,23,1,12,24,18,2,32,13,2,2,2,0,7,2
2019-06-11,14,0,8,13,25,1,38,16,1,1,4,0,5,3
2019-06-12,12,0,9,23,36,3,34,10,1,3,1,2,10,3
2019-06-13,13,0,10,19,26,3,34,16,0,1,2,1,5,0
2019-06-14,14,0,11,24,20,0,38,14,1,0,3,2,9,4
2019-06-15,13,1,9,13,18,0,29,18,1,5,1,0,8,2
2019-06-16,27,0,13,7,21,1,26,21,0,1,4,2,7,3
2019-06-17,36,0,17,13,25,1,33,16,3,1,1,1,8,8
2019-06-18,23,0,9,14,25,0,38,19,0,0,4,2,7,3
2019-06-19,27,0,7,19,28,1,31,17,1,4,0,0,4,1
2019-06-20,15,0,9,15,26,1,44,18,0,2,2,0,17,0
2019-06-21,22,0,12,16,13,0,39,11,0,1,4,1,3,1
2019-06-22,28,1,13,16,29,3,30,15,2,4,1,3,13,9
2019-06-23,27,0,11,12,23,0,24,12,1,2,6,1,4,2
2019-06-24,21,1,12,19,35,4,33,16,0,3,1,2,9,3
2019-06-25,28,0,12,15,25,1,37,24,0,0,3,0,8,1
2019-06-26,21,0,5,22,36,1,32,23,0,4,1,2,12,3
2019-06-27,23,0,7,11,15,2,32,24,1,3,0,0,6,3
2019-06-28,17,0,12,14,21,1,28,12,0,1,3,1,14,3
2019-06-29,24,2,11,13,16,0,28,17,3,3,2,0,9,2
2019-06-30,21,0,13,15,21,1,30,16,0,2,1,2,14,2
2019-07-01,23,0,20,15,21,0,28,19,1,2,0,1,13,5
2019-07-02,16,0,8,23,31,3,31,12,2,3,1,0,13,2
2019-07-03,9,0,9,14,18,2,25,19,1,1,3,2,9,1
2019-07-04,19,0,7,7,37,1,25,10,1,2,4,1,5,4
2019-07-05,21,0,12,18,32,1,33,17,0,1,2,1,16,3
2019-07-06,19,0,14,16,24,0,33,7,0,1,3,1,10,2
2019-07-07,28,0,13,12,24,0,27,13,1,0,1,2,10,0
2019-07-08,15,0,14,18,23,1,35,25,1,3,3,1,17,6
2019-07-09,25,0,8,16,25,1,27,17,1,3,0,1,7,3
2019-07-10,19,0,17,18,15,2,38,24,1,3,3,0,18,3
2019-07-11,18,1,6,13,11,4,25,24,0,1,2,1,12,5
2019-07-12,21,0,10,19,28,0,48,12,0,2,3,0,11,0
2019-07-13,7,1,8,8,22,1,41,20,3,3,2,2,7,1
2019-07-14,24,0,7,13,33,1,28,15,2,4,2,3,11,3
2019-07-15,27,1,16,26,19,2,43,22,2,4,1,0,7,5
2019-07-16,14,0,17,12,23,1,34,20,0,0,1,0,9,2
2019-07-17,13,0,15,12,20,0,27,17,2,2,4,0,14,0
2019-07-18,12,0,9,12,36,3,42,18,2,2,0,0,11,1
2019-07-19,17,0,17,10,19,2,46,22,2,0,2,2,18,1
2019-07-20,29,0,9,16,32,1,26,12,1,6,1,0,13,8
2019-07-21,20,0,17,16,23,1,24,23,3,2,2,1,10,5
2019-07-22,15,1,17,18,23,2,34,21,0,2,4,1,23,5
2019-07-23,12,0,12,18,21,1,38,18,1,4,1,4,9,0
2019-07-24,26,0,13,21,16,2,32,17,0,2,3,0,16,4
2019-07-25,19,1,8,19,21,0,37,24,0,1,2,1,10,3
2019-07-26,14,0,18,17,27,1,29,15,2,2,0,2,19,1
2019-07-27,21,0,11,20,24,3,34,19,1,1,0,2,24,5
2019-07-28,15,0,18,18,31,2,34,27,0,2,3,1,13,0
2019-07-29,12,2,16,11,16,0,29,18,2,2,2,1,10,5
2019-07-30,16,0,13,19,18,0,30,26,0,2,1,0,14,4
2019-07-31,11,0,12,11,24,0,31,21,0,2,1,4,8,0
2019-08-01,13,0,20,18,9,1,34,12,0,2,0,1,9,1
2019-08-02,14,0,8,13,20,0,18,20,1,1,5,0,11,3
2019-08-03,24,0,14,17,32,3,35,6,2,5,3,1,23,4
2019-08-04,19,0,11,9,22,0,27,14,0,0,1,2,6,0
2019-08-05,20,0,9,15,23,1,33,21,0,6,2,1,13,1
2019-08-06,10,0,15,17,18,2,34,15,1,6,2,2,21,1
2019-08-07,28,1,10,16,15,3,45,25,0,8,1,6,19,3
2019-08-08,21,0,10,18,26,0,32,24,1,4,1,1,12,5
2019-08-09,17,0,8,23,31,1,31,18,0,2,2,2,22,4
2019-08-10,19,1,7,13,27,0,50,18,1,3,2,0,16,3
2019-08-11,17,0,7,12,33,2,44,26,0,3,2,0,16,4
2019-08-12,18,2,12,20,35,3,28,21,0,4,2,1,17,3
2019-08-13,19,0,14,15,16,0,23,28,2,2,3,0,10,3
2019-08-14,14,0,12,16,19,1,23,26,1,2,0,1,7,2
2019-08-15,19,0,4,16,15,1,26,22,1,0,1,1,13,6
2019-08-16,10,0,15,17,18,1,25,20,0,0,1,1,16,2
2019-08-17,16,0,11,11,31,1,32,19,1,0,3,3,14,2
2019-08-18,12,0,14,10,23,1,22,23,1,0,1,4,9,1
2019-08-19,17,1,17,20,19,0,34,34,0,4,2,4,11,6
2019-08-20,18,1,13,13,14,1,43,28,1,2,5,4,13,4
2019-08-21,25,0,10,21,18,2,28,23,0,2,4,1,10,0
2019-08-22,13,0,10,16,21,0,24,23,0,5,3,1,11,2
2019-08-23,12,0,9,17,25,0,27,18,0,5,1,2,9,1
2019-08-24,29,0,2,10,19,1,27,25,0,1,0,1,12,2
2019-08-25,22,0,17,14,36,1,33,20,0,3,2,1,12,2
2019-08-26,12,0,9,14,17,1,26,18,0,0,2,1,9,3
2019-08-27,18,0,10,14,28,1,29,19,1,1,3,0,12,3
2019-08-28,30,0,5,18,24,0,30,21,0,0,0,1,10,5
2019-08-29,26,1,12,20,17,2,33,17,1,0,3,1,9,7
2019-08-30,20,1,12,22,26,1,37,16,2,5,1,0,15,4
2019-08-31,25,0,10,20,23,0,27,14,2,2,3,0,8,7
2019-09-01,26,0,8,21,30,0,33,15,1,1,3,1,10,3
2019-09-02,31,0,9,14,24,2,28,16,1,3,2,2,7,7
2019-09-03,21,0,5,23,24,2,28,16,1,1,1,2,8,7
2019-09-04,19,0,13,19,25,4,22,18,1,1,5,0,9,0
2019-09-05,10,0,7,19,27,2,39,17,2,1,1,0,14,0
2019-09-06,18,0,6,13,24,1,25,19,0,1,2,1,5,3
2019-09-07,7,0,9,15,27,1,26,22,1,4,2,1,8,1
2019-09-08,19,0,11,15,25,1,33,23,0,5,2,1,12,5
2019-09-09,13,0,3,12,26,1,29,17,1,6,1,1,11,3
2019-09-10,17,2,12,26,19,0,22,16,0,3,3,2,13,1
2019-09-11,20,0,10,15,23,1,25,21,1,0,2,0,15,2
2019-09-12,14,0,11,21,27,0,38,11,1,5,1,0,16,1
2019-09-13,27,1,14,23,29,1,26,43,0,4,2,0,12,1
2019-09-14,21,0,17,14,28,1,24,36,1,1,2,1,11,0
2019-09-15,13,0,9,10,29,1,33,27,0,4,2,0,15,0
2019-09-16,18,0,11,15,21,0,32,13,0,2,1,2,16,0
2019-09-17,11,0,12,14,15,0,37,9,0,1,2,1,10,4
2019-09-18,11,1,9,14,23,1,31,17,1,2,3,0,13,1
2019-09-19,9,1,13,17,26,2,27,15,0,1,1,0,18,1
2019-09-20,16,0,13,25,21,0,37,19,0,1,1,0,7,1
2019-09-21,18,0,12,7,39,0,31,21,1,5,1,2,14,2
2019-09-22,22,0,7,14,21,1,19,15,0,3,1,0,8,5
2019-09-23,8,1,13,20,23,0,27,24,3,1,3,2,7,0
2019-09-24,24,0,10,16,24,2,26,14,1,3,1,4,14,3
2019-09-25,14,1,10,24,26,1,26,17,1,0,1,1,15,1
2019-09-26,5,0,12,14,23,1,39,14,1,1,0,1,11,1
2019-09-27,15,0,6,20,30,1,20,18,0,0,2,1,14,5
2019-09-28,21,0,10,17,26,2,26,16,1,2,1,0,11,3
2019-09-29,15,0,8,12,34,0,32,21,1,0,1,0,14,0
2019-09-30,15,0,15,25,30,1,33,18,0,0,2,0,7,1
2019-10-01,20,0,8,21,20,0,39,15,2,2,3,1,12,0
2019-10-02,19,2,12,12,20,1,29,15,1,2,3,2,11,2
2019-10-03,7,0,11,13,19,0,28,17,1,3,5,0,13,1
2019-10-04,17,0,15,21,36,1,37,8,1,1,2,2,7,2
2019-10-05,20,0,10,12,22,0,22,6,0,0,0,1,12,3
2019-10-06,22,0,17,12,31,0,13,18,0,1,1,1,11,2
2019-10-07,16,0,5,14,27,2,32,21,1,1,3,1,9,3
2019-10-08,20,0,9,13,18,2,27,11,1,3,3,0,10,3
2019-10-09,15,0,5,16,20,2,32,8,0,2,0,0,9,4
2019-10-10,14,0,4,14,14,3,27,17,0,1,2,4,14,2
2019-10-11,14,0,12,9,17,0,29,15,0,3,3,0,6,0
2019-10-12,14,0,8,15,23,4,30,15,0,1,2,0,9,12
2019-10-13,17,1,11,6,40,1,25,18,2,2,3,2,14,0
2019-10-14,12,0,7,16,15,1,28,20,1,2,1,3,11,2
2019-10-15,15,0,10,17,14,0,29,11,0,0,1,0,7,3
2019-10-16,12,0,7,12,16,0,21,11,2,1,1,0,11,2
2019-10-17,10,0,8,13,15,2,32,21,0,0,3,4,7,1
2019-10-18,15,1,11,14,13,0,36,16,1,2,2,1,2,4
2019-10-19,13,0,9,14,32,2,23,15,0,0,5,0,12,3
2019-10-20,10,1,7,15,24,0,17,16,1,0,2,0,22,1
2019-10-21,16,0,7,13,18,0,27,18,0,1,3,3,13,1
2019-10-22,9,0,13,12,19,0,24,19,1,2,3,0,2,1
2019-10-23,19,0,8,17,17,1,30,12,0,1,2,2,5,2
2019-10-24,13,0,9,19,16,1,33,17,1,3,3,0,4,1
2019-10-25,11,0,8,19,15,0,25,22,0,1,4,0,4,2
2019-10-26,10,0,12,12,23,0,34,18,0,2,2,1,15,0
2019-10-27,10,0,10,7,19,1,22,22,0,2,4,2,9,0
2019-10-28,19,0,19,22,25,2,25,21,0,3,1,3,13,4
2019-10-29,19,0,9,15,22,2,28,16,2,2,2,0,9,2
2019-10-30,14,1,6,13,21,0,24,11,2,5,2,0,6,1
2019-10-31,19,0,9,19,22,1,35,11,0,0,4,3,12,5
2019-11-01,21,1,9,14,26,0,43,12,0,0,1,2,7,2
2019-11-02,20,1,12,11,16,1,15,17,1,2,0,2,6,2
2019-11-03,10,1,9,8,23,0,24,11,0,2,4,2,15,0
2019-11-04,18,0,12,15,24,2,20,12,0,1,3,1,8,3
2019-11-05,11,0,10,21,19,3,22,8,0,3,1,1,11,4
2019-11-06,9,0,7,14,21,2,27,18,0,3,5,0,10,2
2019-11-07,15,0,17,11,18,2,18,26,1,1,2,1,12,2
2019-11-08,14,0,9,7,16,0,30,26,0,0,0,0,11,0
2019-11-09,17,0,6,9,15,1,25,12,0,0,6,2,10,1
2019-11-10,12,0,8,17,26,0,28,18,0,2,2,1,7,0
2019-11-11,22,0,14,15,19,0,25,13,1,1,2,3,1,5
2019-11-12,9,0,13,22,18,0,31,35,0,4,1,2,9,1
2019-11-13,9,0,6,17,24,2,26,18,0,2,1,0,12,1
2019-11-14,19,1,10,22,17,3,26,11,0,0,4,0,14,4
2019-11-15,6,0,9,10,14,1,22,21,1,1,0,1,17,1
2019-11-16,11,0,9,22,27,0,19,10,0,2,1,0,10,4
2019-11-17,15,0,8,12,22,2,40,14,0,4,0,0,8,2
2019-11-18,11,0,7,17,17,2,19,15,1,0,3,0,5,0
2019-11-19,8,0,11,12,27,0,25,15,1,1,4,0,11,0
2019-11-20,12,0,9,14,14,1,33,17,2,1,3,0,8,0
2019-11-21,8,0,5,21,17,2,23,14,0,0,1,0,6,0
2019-11-22,11,0,8,18,22,0,35,25,1,0,2,0,6,1
2019-11-23,8,2,15,8,16,0,20,12,1,0,0,2,13,0
2019-11-24,9,0,4,13,24,1,17,6,0,3,6,0,5,2
2019-11-25,11,0,11,11,23,1,25,10,0,1,1,0,6,0
2019-11-26,13,0,9,13,15,0,29,16,0,2,2,1,7,1
2019-11-27,10,2,10,17,27,0,32,21,1,5,1,1,7,0
2019-11-28,12,0,5,12,17,1,17,7,1,1,2,6,3,1
2019-11-29,7,0,11,12,18,0,22,13,1,3,1,2,5,1
2019-11-30,10,0,5,19,13,1,14,17,2,2,3,3,5,1
2019-12-01,8,2,10,5,18,0,19,7,0,3,1,0,2,3
2019-12-02,9,1,10,16,19,0,31,16,1,0,2,2,3,2
2019-12-03,6,0,19,8,14,3,29,19,1,1,2,1,8,1
2019-12-04,12,0,10,13,14,0,22,16,0,2,0,1,7,1
2019-12-05,6,0,8,13,20,0,25,11,2,1,1,0,1,0
2019-12-06,11,4,5,19,18,1,35,13,0,1,5,0,13,2
2019-12-07,9,2,11,7,17,2,31,16,0,2,4,0,3,3
2019-12-08,12,0,13,8,15,2,14,15,0,3,0,0,8,2
2019-12-09,5,3,10,12,12,0,26,11,0,2,2,0,6,1
2019-12-10,17,0,9,14,12,1,26,11,0,1,0,5,7,3
2019-12-11,16,0,14,7,15,0,23,7,0,1,0,1,4,5
2019-12-12,9,1,11,8,18,0,16,7,0,0,1,0,5,1
2019-12-13,6,0,8,9,11,3,21,8,0,1,2,2,5,1
2019-12-14,12,0,5,7,10,1,5,5,0,0,0,1,7,1
